Date,Overall AQI Value,Main Pollutant,Site Name (of Overall AQI),Site ID (of Overall AQI),Source (of Overall AQI),Ozone,PM10,PM25
01/01/2021,38,PM2.5,,40-115-9007,AQS,.,7,38
02/01/2021,58,PM2.5,,40-115-9007,AQS,.,10,58
03/01/2021,49,PM2.5,,40-115-9007,AQS,20,8,49
04/01/2021,60,PM2.5,,40-115-9007,AQS,26,22,60
05/01/2021,68,PM2.5,,40-115-9007,AQS,26,20,68
06/01/2021,55,PM2.5,,40-115-9007,AQS,21,7,55
07/01/2021,44,PM2.5,,40-115-9007,AQS,30,18,44
08/01/2021,136,PM2.5,,40-115-9007,AQS,44,59,136
09/01/2021,65,PM2.5,,40-115-9007,AQS,51,32,65
10/01/2021,67,PM2.5,,40-115-9007,AQS,37,29,67
11/01/2021,47,PM2.5,,40-115-9007,AQS,23,37,47
12/01/2021,48,PM2.5,QUAPAW SHELTER,40-115-9004,AQS,.,.,48
01/02/2021,58,PM2.5,,40-115-9007,AQS,.,11,58
02/02/2021,67,PM2.5,,40-115-9007,AQS,.,16,67
03/02/2021,65,PM2.5,,40-115-9007,AQS,24,17,65
04/02/2021,71,PM2.5,,40-115-9007,AQS,28,22,71
05/02/2021,59,PM2.5,,40-115-9007,AQS,19,13,59
06/02/2021,60,PM2.5,,40-115-9007,AQS,24,9,60
07/02/2021,71,PM2.5,,40-115-9007,AQS,45,30,71
08/02/2021,165,PM2.5,,40-115-9007,AQS,49,76,165
09/02/2021,72,PM2.5,,40-115-9007,AQS,51,36,72
10/02/2021,60,PM2.5,,40-115-9007,AQS,36,21,60
11/02/2021,56,PM2.5,,40-115-9007,AQS,26,36,56
12/02/2021,52,PM2.5,QUAPAW SHELTER,40-115-9004,AQS,.,.,52
01/03/2021,56,PM2.5,,40-115-9007,AQS,.,9,56
02/03/2021,61,PM2.5,,40-115-9007,AQS,.,15,61
03/03/2021,54,PM2.5,,40-115-9007,AQS,27,18,54
04/03/2021,96,PM2.5,,40-115-9007,AQS,32,33,96
05/03/2021,56,PM2.5,,40-115-9007,AQS,21,15,56
06/03/2021,63,PM2.5,,40-115-9007,AQS,27,15,63
07/03/2021,88,PM2.5,,40-115-9007,AQS,46,39,88
08/03/2021,152,PM2.5,,40-115-9007,AQS,51,64,152
09/03/2021,87,PM2.5,,40-115-9007,AQS,47,56,87
10/03/2021,58,PM2.5,,40-115-9007,AQS,38,21,58
11/03/2021,56,PM2.5,,40-115-9007,AQS,24,36,56
12/03/2021,54,PM2.5,QUAPAW SHELTER,40-115-9004,AQS,.,.,54
01/04/2021,56,PM2.5,,40-115-9007,AQS,.,11,56
02/04/2021,58,PM2.5,,40-115-9007,AQS,.,15,58
03/04/2021,107,PM2.5,,40-115-9007,AQS,30,29,107
04/04/2021,72,PM2.5,,40-115-9007,AQS,26,24,72
05/04/2021,38,PM2.5,,40-115-9007,AQS,16,11,38
06/04/2021,61,PM2.5,,40-115-9007,AQS,26,16,61
07/04/2021,94,PM2.5,,40-115-9007,AQS,47,43,94
08/04/2021,135,PM2.5,,40-115-9007,AQS,64,62,135
09/04/2021,71,PM2.5,,40-115-9007,AQS,37,36,71
10/04/2021,61,PM2.5,,40-115-9007,AQS,46,30,61
11/04/2021,66,PM2.5,,40-115-9007,AQS,31,48,66
12/04/2021,47,PM2.5,QUAPAW SHELTER,40-115-9004,AQS,.,.,47
01/05/2021,46,PM2.5,,40-115-9007,AQS,.,9,46
02/05/2021,49,PM2.5,,40-115-9007,AQS,.,14,49
03/05/2021,79,PM2.5,,40-115-9007,AQS,.,20,79
04/05/2021,65,PM2.5,,40-115-9007,AQS,23,22,65
05/05/2021,28,Ozone,QUAPAW SHELTER,40-115-9004,AQS,28,12,17
06/05/2021,70,PM2.5,,40-115-9007,AQS,22,14,70
07/05/2021,95,PM2.5,QUAPAW SHELTER,40-115-9004,AQS,48,38,95
08/05/2021,133,PM2.5,,40-115-9007,AQS,50,62,133
09/05/2021,59,PM2.5,,40-115-9007,AQS,45,24,59
10/05/2021,63,PM2.5,,40-115-9007,AQS,40,32,63
11/05/2021,66,PM2.5,,40-115-9007,AQS,36,45,66
12/05/2021,56,PM2.5,QUAPAW SHELTER,40-115-9004,AQS,.,.,56
01/06/2021,37,PM2.5,,40-115-9007,AQS,.,6,37
02/06/2021,53,PM2.5,,40-115-9007,AQS,.,12,53
03/06/2021,68,PM2.5,,40-115-9007,AQS,26,16,68
04/06/2021,67,PM2.5,,40-115-9007,AQS,20,25,67
05/06/2021,17,PM10,,40-115-9007,AQS,.,17,7
06/06/2021,46,PM2.5,,40-115-9007,AQS,22,6,46
07/06/2021,84,PM2.5,,40-115-9007,AQS,50,52,84
08/06/2021,106,PM2.5,,40-115-9007,AQS,58,54,106
09/06/2021,93,Ozone,QUAPAW SHELTER,40-115-9004,AQS,93,39,78
10/06/2021,62,PM2.5,,40-115-9007,AQS,31,25,62
11/06/2021,73,PM2.5,,40-115-9007,AQS,42,47,73
12/06/2021,24,PM2.5,QUAPAW SHELTER,40-115-9004,AQS,.,.,24
01/07/2021,56,PM2.5,,40-115-9007,AQS,.,9,56
02/07/2021,59,PM2.5,,40-115-9007,AQS,.,12,59
03/07/2021,73,PM2.5,,40-115-9007,AQS,24,18,73
04/07/2021,52,PM2.5,,40-115-9007,AQS,19,18,52
05/07/2021,31,PM2.5,,40-115-9007,AQS,19,19,31
06/07/2021,48,PM2.5,,40-115-9007,AQS,23,9,48
07/07/2021,84,PM2.5,,40-115-9007,AQS,49,45,84
08/07/2021,97,PM2.5,,40-115-9007,AQS,54,51,97
09/07/2021,97,Ozone,QUAPAW SHELTER,40-115-9004,AQS,97,51,87
10/07/2021,68,PM2.5,,40-115-9007,AQS,51,31,68
11/07/2021,73,PM2.5,,40-115-9007,AQS,48,48,73
12/07/2021,71,PM2.5,,40-115-9007,AQS,.,.,71
01/08/2021,57,PM2.5,,40-115-9007,AQS,.,10,57
02/08/2021,57,PM2.5,,40-115-9007,AQS,.,11,57
03/08/2021,169,PM2.5,,40-115-9007,AQS,29,45,169
04/08/2021,33,PM2.5,,40-115-9007,AQS,25,17,33
05/08/2021,46,PM2.5,QUAPAW SHELTER,40-115-9004,AQS,26,23,46
06/08/2021,60,PM2.5,,40-115-9007,AQS,21,13,60
07/08/2021,61,PM2.5,,40-115-9007,AQS,46,31,61
08/08/2021,70,PM2.5,,40-115-9007,AQS,35,35,70
09/08/2021,60,PM2.5,,40-115-9007,AQS,58,40,60
10/08/2021,101,Ozone,QUAPAW SHELTER,40-115-9004,AQS,101,51,76
11/08/2021,77,PM2.5,,40-115-9007,AQS,51,52,77
12/08/2021,77,PM2.5,,40-115-9007,AQS,.,.,77
01/09/2021,65,PM2.5,,40-115-9007,AQS,.,15,65
02/09/2021,66,PM2.5,,40-115-9007,AQS,.,14,66
03/09/2021,148,PM2.5,,40-115-9007,AQS,26,50,148
04/09/2021,60,PM2.5,,40-115-9007,AQS,28,23,60
05/09/2021,24,PM2.5,QUAPAW SHELTER,40-115-9004,AQS,19,10,24
06/09/2021,66,PM2.5,,40-115-9007,AQS,25,21,66
07/09/2021,63,PM2.5,,40-115-9007,AQS,41,34,63
08/09/2021,66,PM2.5,,40-115-9007,AQS,28,40,66
09/09/2021,87,Ozone,QUAPAW SHELTER,40-115-9004,AQS,87,51,62
10/09/2021,90,Ozone,QUAPAW SHELTER,40-115-9004,AQS,90,44,72
11/09/2021,78,PM2.5,,40-115-9007,AQS,43,52,78
12/09/2021,78,PM2.5,,40-115-9007,AQS,.,.,78
01/10/2021,76,PM2.5,,40-115-9007,AQS,.,19,76
02/10/2021,72,PM2.5,,40-115-9007,AQS,.,15,72
03/10/2021,52,PM2.5,QUAPAW SHELTER,40-115-9004,AQS,23,31,52
04/10/2021,43,PM2.5,,40-115-9007,AQS,21,10,43
05/10/2021,30,PM2.5,,40-115-9007,AQS,19,10,30
06/10/2021,82,PM2.5,,40-115-9007,AQS,21,28,82
07/10/2021,54,PM2.5,,40-115-9007,AQS,37,21,54
08/10/2021,67,PM2.5,,40-115-9007,AQS,31,39,67
09/10/2021,97,Ozone,QUAPAW SHELTER,40-115-9004,AQS,97,52,67
10/10/2021,69,PM2.5,,40-115-9007,AQS,49,31,69
11/10/2021,75,PM2.5,,40-115-9007,AQS,41,57,75
12/10/2021,74,PM2.5,,40-115-9007,AQS,.,.,74
01/11/2021,59,PM2.5,,40-115-9007,AQS,.,.,59
02/11/2021,61,PM2.5,,40-115-9007,AQS,.,17,61
03/11/2021,26,PM2.5,QUAPAW SHELTER,40-115-9004,AQS,8,9,26
04/11/2021,64,PM2.5,,40-115-9007,AQS,29,22,64
05/11/2021,60,PM2.5,,40-115-9007,AQS,20,16,60
06/11/2021,74,PM2.5,,40-115-9007,AQS,16,34,74
07/11/2021,55,PM2.5,,40-115-9007,AQS,46,19,55
08/11/2021,69,PM2.5,,40-115-9007,AQS,42,51,69
09/11/2021,93,Ozone,QUAPAW SHELTER,40-115-9004,AQS,93,49,72
10/11/2021,55,PM2.5,,40-115-9007,AQS,40,20,55
11/11/2021,35,Ozone,QUAPAW SHELTER,40-115-9004,AQS,35,31,29
12/11/2021,68,PM2.5,,40-115-9007,AQS,.,30,68
01/12/2021,60,PM2.5,,40-115-9007,AQS,.,.,60
02/12/2021,57,PM2.5,,40-115-9007,AQS,.,18,57
03/12/2021,46,PM2.5,,40-115-9007,AQS,12,6,46
04/12/2021,41,PM2.5,,40-115-9007,AQS,24,15,41
05/12/2021,48,PM2.5,,40-115-9007,AQS,22,15,48
06/12/2021,68,PM2.5,,40-115-9007,AQS,24,21,68
07/12/2021,56,PM2.5,,40-115-9007,AQS,41,21,56
08/12/2021,61,PM2.5,,40-115-9007,AQS,42,37,61
09/12/2021,81,PM2.5,,40-115-9007,AQS,77,46,81
10/12/2021,47,Ozone,QUAPAW SHELTER,40-115-9004,AQS,47,.,33
11/12/2021,39,PM10,,40-115-9007,AQS,36,39,25
12/12/2021,60,PM2.5,,40-115-9007,AQS,.,22,60
01/01/2022,59,PM2.5,,40-115-9007,AQS,.,20,59
02/01/2022,27,PM2.5,QUAPAW SHELTER,40-115-9004,AQS,.,0,27
03/01/2022,52,PM2.5,QUAPAW SHELTER,40-115-9004,AQS,.,3,52
04/01/2022,53,PM2.5,QUAPAW SHELTER,40-115-9004,AQS,47,.,53
05/01/2022,63,PM2.5,QUAPAW SHELTER,40-115-9004,AQS,50,.,63
06/01/2022,51,Ozone,QUAPAW SHELTER,40-115-9004,AQS,51,.,31
07/01/2022,85,PM2.5,,40-115-9007,AQS,34,.,85
08/01/2022,61,PM2.5,,40-115-9007,AQS,46,43,61
09/01/2022,53,PM2.5,,40-115-9007,AQS,47,27,53
10/01/2022,43,PM2.5,,40-115-9007,AQS,32,22,43
11/01/2022,62,PM2.5,,40-115-9007,AQS,49,31,62
12/01/2022,45,PM2.5,,40-115-9007,AQS,.,22,45
01/02/2022,59,PM2.5,,40-115-9007,AQS,.,20,59
02/02/2022,18,PM2.5,QUAPAW SHELTER,40-115-9004,AQS,.,1,18
03/02/2022,93,Ozone,QUAPAW SHELTER,40-115-9004,AQS,93,1,56
04/02/2022,50,Ozone,QUAPAW SHELTER,40-115-9004,AQS,50,.,18
05/02/2022,38,PM2.5,QUAPAW SHELTER,40-115-9004,AQS,34,.,38
06/02/2022,45,Ozone,QUAPAW SHELTER,40-115-9004,AQS,45,.,23
07/02/2022,52,PM2.5,QUAPAW SHELTER,40-115-9004,AQS,28,.,52
08/02/2022,64,Ozone,QUAPAW SHELTER,40-115-9004,AQS,64,31,53
09/02/2022,37,Ozone,QUAPAW SHELTER,40-115-9004,AQS,37,9,27
10/02/2022,54,PM2.5,,40-115-9007,AQS,31,26,54
11/02/2022,67,PM2.5,,40-115-9007,AQS,43,37,67
12/02/2022,42,PM2.5,,40-115-9007,AQS,.,19,42
01/03/2022,56,PM2.5,,40-115-9007,AQS,.,19,56
02/03/2022,27,PM2.5,QUAPAW SHELTER,40-115-9004,AQS,.,0,27
03/03/2022,115,Ozone,QUAPAW SHELTER,40-115-9004,AQS,115,1,94
04/03/2022,48,Ozone,QUAPAW SHELTER,40-115-9004,AQS,48,.,18
05/03/2022,35,Ozone,QUAPAW SHELTER,40-115-9004,AQS,35,.,18
06/03/2022,34,PM2.5,QUAPAW SHELTER,40-115-9004,AQS,31,.,34
07/03/2022,41,PM2.5,QUAPAW SHELTER,40-115-9004,AQS,19,.,41
08/03/2022,64,Ozone,QUAPAW SHELTER,40-115-9004,AQS,64,35,53
09/03/2022,40,Ozone,QUAPAW SHELTER,40-115-9004,AQS,40,12,38
10/03/2022,58,PM2.5,,40-115-9007,AQS,31,38,58
11/03/2022,73,PM2.5,,40-115-9007,AQS,41,33,73
12/03/2022,54,PM2.5,,40-115-9007,AQS,.,22,54
01/04/2022,58,PM2.5,,40-115-9007,AQS,.,21,58
02/04/2022,43,PM2.5,QUAPAW SHELTER,40-115-9004,AQS,.,0,43
03/04/2022,120,PM2.5,QUAPAW SHELTER,40-115-9004,AQS,87,0,120
04/04/2022,38,Ozone,QUAPAW SHELTER,40-115-9004,AQS,38,.,18
05/04/2022,27,Ozone,QUAPAW SHELTER,40-115-9004,AQS,27,.,23
06/04/2022,33,PM2.5,QUAPAW SHELTER,40-115-9004,AQS,28,.,33
07/04/2022,52,PM2.5,QUAPAW SHELTER,40-115-9004,AQS,19,.,52
08/04/2022,48,PM2.5,,40-115-9007,AQS,35,19,48
09/04/2022,55,PM2.5,,40-115-9007,AQS,43,21,55
10/04/2022,60,PM2.5,,40-115-9007,AQS,34,41,60
11/04/2022,58,PM2.5,,40-115-9007,AQS,28,29,58
12/04/2022,59,PM2.5,,40-115-9007,AQS,.,22,59
01/05/2022,59,PM2.5,,40-115-9007,AQS,.,21,59
02/05/2022,56,PM2.5,QUAPAW SHELTER,40-115-9004,AQS,.,0,56
03/05/2022,68,PM2.5,QUAPAW SHELTER,40-115-9004,AQS,42,0,68
04/05/2022,51,Ozone,QUAPAW SHELTER,40-115-9004,AQS,51,.,18
05/05/2022,32,Ozone,QUAPAW SHELTER,40-115-9004,AQS,32,.,13
06/05/2022,35,PM2.5,QUAPAW SHELTER,40-115-9004,AQS,24,.,35
07/05/2022,52,PM2.5,QUAPAW SHELTER,40-115-9004,AQS,47,.,52
08/05/2022,62,PM2.5,,40-115-9007,AQS,35,37,62
09/05/2022,53,PM2.5,,40-115-9007,AQS,42,17,53
10/05/2022,60,PM2.5,,40-115-9007,AQS,41,50,60
11/05/2022,31,Ozone,QUAPAW SHELTER,40-115-9004,AQS,31,6,21
12/05/2022,61,PM2.5,,40-115-9007,AQS,.,23,61
01/06/2022,59,PM2.5,,40-115-9007,AQS,.,20,59
02/06/2022,41,PM2.5,QUAPAW SHELTER,40-115-9004,AQS,.,1,41
03/06/2022,54,PM2.5,QUAPAW SHELTER,40-115-9004,AQS,31,1,54
04/06/2022,46,Ozone,QUAPAW SHELTER,40-115-9004,AQS,46,.,18
05/06/2022,36,Ozone,QUAPAW SHELTER,40-115-9004,AQS,36,.,13
06/06/2022,36,PM2.5,QUAPAW SHELTER,40-115-9004,AQS,24,.,36
07/06/2022,106,PM2.5,,40-115-9007,AQS,49,.,106
08/06/2022,62,PM2.5,,40-115-9007,AQS,37,28,62
09/06/2022,54,PM2.5,,40-115-9007,AQS,46,19,54
10/06/2022,67,PM2.5,,40-115-9007,AQS,31,51,67
11/06/2022,43,PM2.5,,40-115-9007,AQS,43,16,43
12/06/2022,71,PM2.5,,40-115-9007,AQS,.,25,71
01/07/2022,57,PM2.5,,40-115-9007,AQS,.,19,57
02/07/2022,29,PM2.5,QUAPAW SHELTER,40-115-9004,AQS,.,0,29
03/07/2022,45,PM2.5,QUAPAW SHELTER,40-115-9004,AQS,36,2,45
04/07/2022,41,Ozone,QUAPAW SHELTER,40-115-9004,AQS,41,.,18
05/07/2022,44,Ozone,QUAPAW SHELTER,40-115-9004,AQS,44,.,28
06/07/2022,44,PM2.5,QUAPAW SHELTER,40-115-9004,AQS,24,.,44
07/07/2022,89,PM2.5,,40-115-9007,AQS,46,.,89
08/07/2022,52,PM2.5,,40-115-9007,AQS,43,20,52
09/07/2022,55,PM2.5,,40-115-9007,AQS,42,20,55
10/07/2022,92,PM2.5,,40-115-9007,AQS,25,60,92
11/07/2022,39,PM2.5,,40-115-9007,AQS,32,16,39
12/07/2022,74,PM2.5,,40-115-9007,AQS,.,28,74
01/08/2022,60,PM2.5,,40-115-9007,AQS,.,22,60
02/08/2022,19,PM2.5,QUAPAW SHELTER,40-115-9004,AQS,.,0,19
03/08/2022,54,PM2.5,QUAPAW SHELTER,40-115-9004,AQS,34,1,54
04/08/2022,40,Ozone,QUAPAW SHELTER,40-115-9004,AQS,40,.,18
05/08/2022,55,PM2.5,QUAPAW SHELTER,40-115-9004,AQS,42,.,55
06/08/2022,22,PM2.5,QUAPAW SHELTER,40-115-9004,AQS,19,.,22
07/08/2022,94,PM2.5,,40-115-9007,AQS,87,.,94
08/08/2022,64,Ozone,QUAPAW SHELTER,40-115-9004,AQS,64,34,56
09/08/2022,55,PM2.5,,40-115-9007,AQS,47,24,55
10/08/2022,52,PM2.5,,40-115-9007,AQS,23,41,52
11/08/2022,57,PM2.5,,40-115-9007,AQS,21,18,57
12/08/2022,57,PM2.5,,40-115-9007,AQS,.,15,57
01/09/2022,56,PM2.5,,40-115-9007,AQS,.,19,56
02/09/2022,24,PM2.5,QUAPAW SHELTER,40-115-9004,AQS,.,0,24
03/09/2022,56,PM2.5,QUAPAW SHELTER,40-115-9004,AQS,43,1,56
04/09/2022,51,Ozone,QUAPAW SHELTER,40-115-9004,AQS,51,.,18
05/09/2022,76,PM2.5,QUAPAW SHELTER,40-115-9004,AQS,33,.,76
06/09/2022,29,PM2.5,QUAPAW SHELTER,40-115-9004,AQS,.,.,29
07/09/2022,61,PM2.5,,40-115-9007,AQS,47,.,61
08/09/2022,58,Ozone,QUAPAW SHELTER,40-115-9004,AQS,58,17,41
09/09/2022,59,PM2.5,,40-115-9007,AQS,49,28,59
10/09/2022,57,PM2.5,,40-115-9007,AQS,34,40,57
11/09/2022,67,PM2.5,,40-115-9007,AQS,30,26,67
12/09/2022,54,PM2.5,,40-115-9007,AQS,.,13,54
01/10/2022,53,PM2.5,,40-115-9007,AQS,.,17,53
02/10/2022,26,PM2.5,QUAPAW SHELTER,40-115-9004,AQS,.,0,26
03/10/2022,53,PM2.5,QUAPAW SHELTER,40-115-9004,AQS,32,1,53
04/10/2022,50,Ozone,QUAPAW SHELTER,40-115-9004,AQS,50,.,18
05/10/2022,70,PM2.5,QUAPAW SHELTER,40-115-9004,AQS,29,.,70
06/10/2022,45,Ozone,QUAPAW SHELTER,40-115-9004,AQS,45,.,28
07/10/2022,55,PM2.5,,40-115-9007,AQS,49,.,55
08/10/2022,58,Ozone,QUAPAW SHELTER,40-115-9004,AQS,58,24,52
09/10/2022,58,PM2.5,,40-115-9007,AQS,54,29,58
10/10/2022,74,PM2.5,,40-115-9007,AQS,33,43,74
11/10/2022,66,PM2.5,,40-115-9007,AQS,38,27,66
12/10/2022,51,PM2.5,,40-115-9007,AQS,.,11,51
01/11/2022,53,PM2.5,,40-115-9007,AQS,.,17,53
02/11/2022,24,PM2.5,QUAPAW SHELTER,40-115-9004,AQS,.,0,24
03/11/2022,46,PM2.5,QUAPAW SHELTER,40-115-9004,AQS,44,1,46
04/11/2022,43,Ozone,QUAPAW SHELTER,40-115-9004,AQS,43,.,18
05/11/2022,59,PM2.5,QUAPAW SHELTER,40-115-9004,AQS,21,.,59
06/11/2022,43,Ozone,QUAPAW SHELTER,40-115-9004,AQS,43,.,34
07/11/2022,72,PM2.5,,40-115-9007,AQS,64,.,72
08/11/2022,80,Ozone,QUAPAW SHELTER,40-115-9004,AQS,80,33,55
09/11/2022,36,PM2.5,,40-115-9007,AQS,36,15,36
10/11/2022,65,PM2.5,,40-115-9007,AQS,46,28,65
11/11/2022,27,PM2.5,,40-115-9007,AQS,26,8,27
12/11/2022,47,PM2.5,,40-115-9007,AQS,.,11,47
01/12/2022,31,PM2.5,QUAPAW SHELTER,40-115-9004,AQS,.,9,31
02/12/2022,18,PM2.5,QUAPAW SHELTER,40-115-9004,AQS,.,.,18
03/12/2022,43,Ozone,QUAPAW SHELTER,40-115-9004,AQS,43,1,32
04/12/2022,36,Ozone,QUAPAW SHELTER,40-115-9004,AQS,36,.,18
05/12/2022,56,PM2.5,QUAPAW SHELTER,40-115-9004,AQS,28,.,56
06/12/2022,52,PM2.5,QUAPAW SHELTER,40-115-9004,AQS,40,.,52
07/12/2022,68,PM2.5,,40-115-9007,AQS,61,.,68
08/12/2022,54,PM2.5,,40-115-9007,AQS,50,24,54
09/12/2022,52,PM2.5,,40-115-9007,AQS,49,32,52
10/12/2022,54,PM2.5,,40-115-9007,AQS,42,22,54
11/12/2022,45,PM2.5,QUAPAW SHELTER,40-115-9004,AQS,26,12,45
12/12/2022,27,PM2.5,,40-115-9007,AQS,.,7,27
01/01/2023,55,PM2.5,,40-115-9007,AQS,.,18,55
02/01/2023,55,PM2.5,,40-115-9007,AQS,.,18,55
03/01/2023,53,PM2.5,,40-115-9007,AQS,.,28,53
04/01/2023,52,PM2.5,,40-115-9007,AQS,47,26,52
05/01/2023,47,Ozone,QUAPAW SHELTER,40-115-9004,AQS,47,28,37
06/01/2023,88,PM2.5,,40-115-9007,AQS,61,53,88
07/01/2023,39,PM2.5,,40-115-9007,AQS,31,17,39
08/01/2023,61,PM2.5,,40-115-9007,AQS,58,40,61
09/01/2023,51,PM2.5,QUAPAW SHELTER,40-115-9004,AQS,50,39,51
10/01/2023,61,PM2.5,QUAPAW SHELTER,40-115-9004,AQS,48,39,61
11/01/2023,29,Ozone,QUAPAW SHELTER,40-115-9004,AQS,29,16,23
12/01/2023,53,PM2.5,,40-115-9007,AQS,.,13,53
01/02/2023,67,PM2.5,,40-115-9007,AQS,.,24,67
02/02/2023,56,PM2.5,,40-115-9007,AQS,.,24,56
03/02/2023,51,PM2.5,,40-115-9007,AQS,33,18,51
04/02/2023,58,PM2.5,,40-115-9007,AQS,49,33,58
05/02/2023,51,Ozone,QUAPAW SHELTER,40-115-9004,AQS,51,39,44
06/02/2023,82,PM2.5,,40-115-9007,AQS,74,55,82
07/02/2023,31,PM2.5,,40-115-9007,AQS,30,8,31
08/02/2023,71,Ozone,QUAPAW SHELTER,40-115-9004,AQS,71,34,56
09/02/2023,53,PM2.5,QUAPAW SHELTER,40-115-9004,AQS,50,41,53
10/02/2023,69,PM2.5,QUAPAW SHELTER,40-115-9004,AQS,46,45,69
11/02/2023,38,Ozone,QUAPAW SHELTER,40-115-9004,AQS,38,14,31
12/02/2023,55,PM2.5,QUAPAW SHELTER,40-115-9004,AQS,.,14,55
01/03/2023,52,PM2.5,,40-115-9007,AQS,.,14,52
02/03/2023,53,PM2.5,,40-115-9007,AQS,.,22,53
03/03/2023,48,PM2.5,,40-115-9007,AQS,33,10,48
04/03/2023,57,PM2.5,,40-115-9007,AQS,.,28,57
05/03/2023,74,Ozone,QUAPAW SHELTER,40-115-9004,AQS,74,56,59
06/03/2023,69,PM2.5,,40-115-9007,AQS,49,52,69
07/03/2023,30,Ozone,QUAPAW SHELTER,40-115-9004,AQS,30,0,1
08/03/2023,80,Ozone,QUAPAW SHELTER,40-115-9004,AQS,80,36,57
09/03/2023,65,PM2.5,QUAPAW SHELTER,40-115-9004,AQS,58,47,65
10/03/2023,57,PM2.5,QUAPAW SHELTER,40-115-9004,AQS,39,31,57
11/03/2023,52,PM2.5,,40-115-9007,AQS,49,21,52
12/03/2023,38,PM2.5,,40-115-9007,AQS,.,11,38
01/04/2023,40,PM2.5,,40-115-9007,AQS,.,14,40
02/04/2023,58,PM2.5,,40-115-9007,AQS,.,19,58
03/04/2023,55,PM2.5,,40-115-9007,AQS,43,15,55
04/04/2023,88,PM2.5,,40-115-9007,AQS,35,45,88
05/04/2023,63,PM2.5,,40-115-9007,AQS,30,33,63
06/04/2023,122,Ozone,QUAPAW SHELTER,40-115-9004,AQS,122,55,75
07/04/2023,26,Ozone,QUAPAW SHELTER,40-115-9004,AQS,26,0,1
08/04/2023,71,Ozone,QUAPAW SHELTER,40-115-9004,AQS,71,44,56
09/04/2023,55,PM2.5,QUAPAW SHELTER,40-115-9004,AQS,54,28,55
10/04/2023,46,PM2.5,QUAPAW SHELTER,40-115-9004,AQS,31,16,46
11/04/2023,52,PM2.5,QUAPAW SHELTER,40-115-9004,AQS,45,22,52
12/04/2023,29,PM2.5,,40-115-9007,AQS,.,12,29
01/05/2023,33,PM2.5,,40-115-9007,AQS,.,17,33
02/05/2023,53,PM2.5,,40-115-9007,AQS,.,16,53
03/05/2023,64,Ozone,QUAPAW SHELTER,40-115-9004,AQS,64,18,50
04/05/2023,43,PM2.5,,40-115-9007,AQS,39,17,43
05/05/2023,66,PM2.5,,40-115-9007,AQS,43,27,66
06/05/2023,101,Ozone,QUAPAW SHELTER,40-115-9004,AQS,101,69,91
07/05/2023,32,PM2.5,,40-115-9007,AQS,23,12,32
08/05/2023,45,Ozone,QUAPAW SHELTER,40-115-9004,AQS,45,11,19
09/05/2023,48,Ozone,QUAPAW SHELTER,40-115-9004,AQS,48,26,41
10/05/2023,35,Ozone,QUAPAW SHELTER,40-115-9004,AQS,35,13,23
11/05/2023,49,PM2.5,QUAPAW SHELTER,40-115-9004,AQS,41,17,49
12/05/2023,19,PM2.5,QUAPAW SHELTER,40-115-9004,AQS,.,13,19
01/06/2023,42,PM2.5,,40-115-9007,AQS,.,20,42
02/06/2023,54,PM2.5,,40-115-9007,AQS,.,23,54
03/06/2023,56,PM2.5,,40-115-9007,AQS,47,29,56
04/06/2023,54,PM2.5,,40-115-9007,AQS,46,24,54
05/06/2023,83,PM2.5,,40-115-9007,AQS,49,40,83
06/06/2023,122,Ozone,QUAPAW SHELTER,40-115-9004,AQS,122,44,99
07/06/2023,53,PM2.5,,40-115-9007,AQS,20,27,53
08/06/2023,44,Ozone,QUAPAW SHELTER,40-115-9004,AQS,44,8,18
09/06/2023,98,PM2.5,QUAPAW SHELTER,40-115-9004,AQS,46,63,98
10/06/2023,27,Ozone,QUAPAW SHELTER,40-115-9004,AQS,27,22,24
11/06/2023,42,PM2.5,QUAPAW SHELTER,40-115-9004,AQS,38,23,42
12/06/2023,32,PM2.5,QUAPAW SHELTER,40-115-9004,AQS,.,16,32
01/07/2023,58,PM2.5,,40-115-9007,AQS,.,20,58
02/07/2023,41,PM2.5,,40-115-9007,AQS,.,11,41
03/07/2023,57,PM2.5,,40-115-9007,AQS,36,18,57
04/07/2023,56,PM2.5,,40-115-9007,AQS,47,21,56
05/07/2023,73,PM2.5,,40-115-9007,AQS,48,33,73
06/07/2023,119,Ozone,QUAPAW SHELTER,40-115-9004,AQS,119,34,66
07/07/2023,58,PM2.5,,40-115-9007,AQS,15,34,58
08/07/2023,55,PM2.5,QUAPAW SHELTER,40-115-9004,AQS,47,20,55
10/07/2023,25,PM2.5,QUAPAW SHELTER,40-115-9004,AQS,25,19,25
11/07/2023,42,PM2.5,,40-115-9007,AQS,34,19,42
12/07/2023,29,PM2.5,QUAPAW SHELTER,40-115-9004,AQS,.,18,29
01/08/2023,76,PM2.5,,40-115-9007,AQS,.,29,76
02/08/2023,48,PM2.5,,40-115-9007,AQS,.,11,48
03/08/2023,85,PM2.5,,40-115-9007,AQS,31,31,85
04/08/2023,53,PM2.5,,40-115-9007,AQS,51,18,53
05/08/2023,75,PM2.5,,40-115-9007,AQS,61,35,75
06/08/2023,97,Ozone,QUAPAW SHELTER,40-115-9004,AQS,97,49,69
07/08/2023,43,PM2.5,,40-115-9007,AQS,18,17,43
08/08/2023,52,PM2.5,,40-115-9007,AQS,49,31,52
09/08/2023,48,Ozone,QUAPAW SHELTER,40-115-9004,AQS,48,.,.
10/08/2023,43,Ozone,QUAPAW SHELTER,40-115-9004,AQS,43,20,33
11/08/2023,43,PM2.5,QUAPAW SHELTER,40-115-9004,AQS,39,31,43
12/08/2023,39,PM2.5,QUAPAW SHELTER,40-115-9004,AQS,.,16,39
01/09/2023,59,PM2.5,,40-115-9007,AQS,.,27,59
02/09/2023,38,PM2.5,,40-115-9007,AQS,.,9,38
03/09/2023,56,PM2.5,,40-115-9007,AQS,23,15,56
04/09/2023,49,PM2.5,,40-115-9007,AQS,47,23,49
05/09/2023,64,PM2.5,,40-115-9007,AQS,44,31,64
06/09/2023,60,PM2.5,,40-115-9007,AQS,51,31,60
07/09/2023,42,PM2.5,,40-115-9007,AQS,27,17,42
08/09/2023,37,PM2.5,,40-115-9007,AQS,31,13,37
09/09/2023,51,PM2.5,QUAPAW SHELTER,40-115-9004,AQS,46,.,51
10/09/2023,40,Ozone,QUAPAW SHELTER,40-115-9004,AQS,40,26,31
11/09/2023,33,PM10,,40-115-9007,AQS,24,33,31
12/09/2023,14,PM2.5,QUAPAW SHELTER,40-115-9004,AQS,.,9,14
01/10/2023,64,PM2.5,,40-115-9007,AQS,.,34,64
02/10/2023,52,PM2.5,,40-115-9007,AQS,.,12,52
03/10/2023,57,PM2.5,,40-115-9007,AQS,34,14,57
04/10/2023,54,PM2.5,,40-115-9007,AQS,41,34,54
05/10/2023,59,PM2.5,,40-115-9007,AQS,41,22,59
06/10/2023,49,Ozone,QUAPAW SHELTER,40-115-9004,AQS,49,13,39
07/10/2023,56,PM2.5,,40-115-9007,AQS,.,26,56
08/10/2023,49,Ozone,QUAPAW SHELTER,40-115-9004,AQS,49,18,33
09/10/2023,40,Ozone,QUAPAW SHELTER,40-115-9004,AQS,40,.,.
10/10/2023,40,Ozone,QUAPAW SHELTER,40-115-9004,AQS,40,30,32
11/10/2023,46,PM2.5,,40-115-9007,AQS,34,35,46
12/10/2023,17,PM2.5,QUAPAW SHELTER,40-115-9004,AQS,.,12,17
01/11/2023,80,PM2.5,,40-115-9007,AQS,.,47,80
02/11/2023,46,PM2.5,,40-115-9007,AQS,.,16,46
03/11/2023,52,PM2.5,,40-115-9007,AQS,29,13,52
04/11/2023,59,PM2.5,QUAPAW SHELTER,40-115-9004,AQS,44,.,59
05/11/2023,49,PM2.5,,40-115-9007,AQS,42,16,49
06/11/2023,51,Ozone,QUAPAW SHELTER,40-115-9004,AQS,51,15,47
07/11/2023,55,PM2.5,,40-115-9007,AQS,41,25,55
08/11/2023,53,PM2.5,,40-115-9007,AQS,46,25,53
09/11/2023,32,Ozone,QUAPAW SHELTER,40-115-9004,AQS,32,.,.
10/11/2023,44,Ozone,QUAPAW SHELTER,40-115-9004,AQS,44,17,28
11/11/2023,34,Ozone,QUAPAW SHELTER,40-115-9004,AQS,34,20,32
12/11/2023,48,PM2.5,QUAPAW SHELTER,40-115-9004,AQS,.,32,48
01/12/2023,66,PM2.5,,40-115-9007,AQS,.,21,66
02/12/2023,56,PM2.5,,40-115-9007,AQS,.,17,56
03/12/2023,43,PM2.5,,40-115-9007,AQS,34,9,43
04/12/2023,162,PM2.5,,40-115-9007,AQS,48,75,162
05/12/2023,78,PM2.5,,40-115-9007,AQS,29,36,78
06/12/2023,65,PM2.5,,40-115-9007,AQS,46,28,65
07/12/2023,63,PM2.5,,40-115-9007,AQS,30,36,63
08/12/2023,41,PM2.5,,40-115-9007,AQS,.,17,41
09/12/2023,42,PM2.5,QUAPAW SHELTER,40-115-9004,AQS,38,13,42
10/12/2023,34,Ozone,QUAPAW SHELTER,40-115-9004,AQS,34,13,26
11/12/2023,51,PM2.5,QUAPAW SHELTER,40-115-9004,AQS,36,27,51
12/12/2023,61,PM2.5,QUAPAW SHELTER,40-115-9004,AQS,.,54,61
01/01/2024,37,PM2.5,QUAPAW SHELTER,40-115-9004,AQS,.,9,37
02/01/2024,26,PM2.5,QUAPAW SHELTER,40-115-9004,AQS,.,14,26
03/01/2024,54,PM2.5,QUAPAW SHELTER,40-115-9004,AQS,32,21,54
04/01/2024,62,PM2.5,QUAPAW SHELTER,40-115-9004,AQS,28,31,62
05/01/2024,43,Ozone,QUAPAW SHELTER,40-115-9004,AQS,43,12,31
06/01/2024,48,PM2.5,QUAPAW SHELTER,40-115-9004,AQS,37,15,48
07/01/2024,46,PM2.5,QUAPAW SHELTER,40-115-9004,AQS,32,25,46
08/01/2024,80,PM2.5,QUAPAW SHELTER,40-115-9004,AQS,49,64,80
09/01/2024,38,PM2.5,QUAPAW SHELTER,40-115-9004,AQS,.,20,38
10/01/2024,47,PM10,QUAPAW SHELTER,40-115-9004,AQS,36,47,44
11/01/2024,36,PM2.5,QUAPAW SHELTER,40-115-9004,AQS,.,13,36
12/01/2024,58,PM2.5,QUAPAW SHELTER,40-115-9004,AQS,.,18,58
01/02/2024,59,PM2.5,QUAPAW SHELTER,40-115-9004,AQS,.,23,59
02/02/2024,50,PM2.5,QUAPAW SHELTER,40-115-9004,AQS,.,22,50
03/02/2024,56,PM2.5,QUAPAW SHELTER,40-115-9004,AQS,43,24,56
04/02/2024,33,PM2.5,QUAPAW SHELTER,40-115-9004,AQS,27,9,33
05/02/2024,44,PM2.5,QUAPAW SHELTER,40-115-9004,AQS,41,15,44
06/02/2024,53,PM2.5,QUAPAW SHELTER,40-115-9004,AQS,33,19,53
07/02/2024,67,PM2.5,QUAPAW SHELTER,40-115-9004,AQS,48,45,67
08/02/2024,66,PM2.5,QUAPAW SHELTER,40-115-9004,AQS,50,39,66
09/02/2024,60,PM2.5,QUAPAW SHELTER,40-115-9004,AQS,.,27,60
10/02/2024,52,PM2.5,QUAPAW SHELTER,40-115-9004,AQS,44,52,52
11/02/2024,34,PM2.5,QUAPAW SHELTER,40-115-9004,AQS,.,10,34
12/02/2024,61,PM2.5,QUAPAW SHELTER,40-115-9004,AQS,.,48,61
01/03/2024,71,PM2.5,QUAPAW SHELTER,40-115-9004,AQS,.,34,71
02/03/2024,38,PM2.5,QUAPAW SHELTER,40-115-9004,AQS,.,10,38
03/03/2024,61,PM2.5,QUAPAW SHELTER,40-115-9004,AQS,36,42,61
04/03/2024,36,Ozone,QUAPAW SHELTER,40-115-9004,AQS,36,9,16
05/03/2024,38,PM2.5,QUAPAW SHELTER,40-115-9004,AQS,35,17,38
06/03/2024,33,PM2.5,,40-115-9007,AQS,.,13,33
07/03/2024,66,PM2.5,QUAPAW SHELTER,40-115-9004,AQS,49,43,66
08/03/2024,65,PM2.5,QUAPAW SHELTER,40-115-9004,AQS,50,33,65
09/03/2024,61,PM2.5,QUAPAW SHELTER,40-115-9004,AQS,.,32,61
10/03/2024,64,Ozone,QUAPAW SHELTER,40-115-9004,AQS,64,57,57
11/03/2024,16,PM2.5,QUAPAW SHELTER,40-115-9004,AQS,.,6,16
12/03/2024,56,PM2.5,QUAPAW SHELTER,40-115-9004,AQS,.,40,56
01/04/2024,59,PM2.5,,40-115-9007,AQS,.,23,59
02/04/2024,38,PM2.5,QUAPAW SHELTER,40-115-9004,AQS,.,8,38
03/04/2024,58,PM2.5,QUAPAW SHELTER,40-115-9004,AQS,30,34,58
04/04/2024,44,Ozone,QUAPAW SHELTER,40-115-9004,AQS,44,19,34
05/04/2024,43,Ozone,QUAPAW SHELTER,40-115-9004,AQS,43,10,26
06/04/2024,43,Ozone,QUAPAW SHELTER,40-115-9004,AQS,43,15,30
07/04/2024,58,PM2.5,QUAPAW SHELTER,40-115-9004,AQS,45,32,58
08/04/2024,67,PM2.5,QUAPAW SHELTER,40-115-9004,AQS,58,34,67
09/04/2024,64,PM2.5,QUAPAW SHELTER,40-115-9004,AQS,.,46,64
10/04/2024,80,Ozone,QUAPAW SHELTER,40-115-9004,AQS,80,57,72
11/04/2024,15,PM2.5,QUAPAW SHELTER,40-115-9004,AQS,.,6,15
12/04/2024,54,PM2.5,,40-115-9007,AQS,.,31,54
01/05/2024,59,PM2.5,QUAPAW SHELTER,40-115-9004,AQS,.,15,59
02/05/2024,49,PM2.5,QUAPAW SHELTER,40-115-9004,AQS,.,12,49
03/05/2024,53,PM2.5,QUAPAW SHELTER,40-115-9004,AQS,21,32,53
04/05/2024,45,Ozone,QUAPAW SHELTER,40-115-9004,AQS,45,34,44
05/05/2024,46,PM2.5,,40-115-9007,AQS,22,13,46
06/05/2024,43,Ozone,QUAPAW SHELTER,40-115-9004,AQS,43,14,22
07/05/2024,45,Ozone,QUAPAW SHELTER,40-115-9004,AQS,45,18,29
08/05/2024,73,PM2.5,QUAPAW SHELTER,40-115-9004,AQS,67,42,73
09/05/2024,72,PM2.5,QUAPAW SHELTER,40-115-9004,AQS,.,53,72
10/05/2024,69,PM2.5,QUAPAW SHELTER,40-115-9004,AQS,54,44,69
11/05/2024,21,PM2.5,QUAPAW SHELTER,40-115-9004,AQS,.,7,21
12/05/2024,43,PM2.5,,40-115-9007,AQS,.,31,43
01/06/2024,50,PM2.5,QUAPAW SHELTER,40-115-9004,AQS,.,10,50
02/06/2024,38,PM2.5,QUAPAW SHELTER,40-115-9004,AQS,.,27,38
03/06/2024,45,PM2.5,QUAPAW SHELTER,40-115-9004,AQS,27,23,45
04/06/2024,51,PM2.5,,40-115-9007,AQS,45,43,51
05/06/2024,54,PM2.5,QUAPAW SHELTER,40-115-9004,AQS,39,19,54
06/06/2024,43,Ozone,QUAPAW SHELTER,40-115-9004,AQS,43,30,28
07/06/2024,64,Ozone,QUAPAW SHELTER,40-115-9004,AQS,64,36,58
08/06/2024,100,Ozone,QUAPAW SHELTER,40-115-9004,AQS,100,44,69
09/06/2024,64,PM2.5,QUAPAW SHELTER,40-115-9004,AQS,.,41,64
10/06/2024,66,PM2.5,QUAPAW SHELTER,40-115-9004,AQS,44,44,66
11/06/2024,36,PM2.5,QUAPAW SHELTER,40-115-9004,AQS,31,8,36
12/06/2024,67,PM10,,40-115-9007,AQS,.,67,59
01/07/2024,37,PM2.5,QUAPAW SHELTER,40-115-9004,AQS,.,9,37
02/07/2024,41,PM2.5,,40-115-9007,AQS,.,19,41
03/07/2024,49,PM2.5,QUAPAW SHELTER,40-115-9004,AQS,27,15,49
04/07/2024,45,Ozone,QUAPAW SHELTER,40-115-9004,AQS,45,22,37
05/07/2024,46,Ozone,QUAPAW SHELTER,40-115-9004,AQS,46,19,31
06/07/2024,45,Ozone,QUAPAW SHELTER,40-115-9004,AQS,45,32,32
07/07/2024,56,PM2.5,QUAPAW SHELTER,40-115-9004,AQS,44,22,56
08/07/2024,48,Ozone,QUAPAW SHELTER,40-115-9004,AQS,48,21,33
09/07/2024,35,PM2.5,QUAPAW SHELTER,40-115-9004,AQS,.,24,35
10/07/2024,47,PM2.5,QUAPAW SHELTER,40-115-9004,AQS,41,44,47
11/07/2024,37,PM2.5,QUAPAW SHELTER,40-115-9004,AQS,29,10,37
12/07/2024,41,PM2.5,QUAPAW SHELTER,40-115-9004,AQS,.,23,41
01/08/2024,19,PM2.5,QUAPAW SHELTER,40-115-9004,AQS,.,5,19
02/08/2024,27,PM2.5,QUAPAW SHELTER,40-115-9004,AQS,.,24,27
03/08/2024,33,PM2.5,QUAPAW SHELTER,40-115-9004,AQS,21,8,33
04/08/2024,49,PM2.5,QUAPAW SHELTER,40-115-9004,AQS,47,31,49
05/08/2024,68,PM2.5,QUAPAW SHELTER,40-115-9004,AQS,35,34,68
06/08/2024,55,PM2.5,QUAPAW SHELTER,40-115-9004,AQS,42,27,55
07/08/2024,47,Ozone,QUAPAW SHELTER,40-115-9004,AQS,47,23,43
08/08/2024,46,Ozone,QUAPAW SHELTER,40-115-9004,AQS,46,19,42
09/08/2024,43,PM2.5,QUAPAW SHELTER,40-115-9004,AQS,.,32,43
10/08/2024,37,PM2.5,QUAPAW SHELTER,40-115-9004,AQS,.,37,37
11/08/2024,31,Ozone,QUAPAW SHELTER,40-115-9004,AQS,31,10,29
12/08/2024,23,PM2.5,QUAPAW SHELTER,40-115-9004,AQS,.,6,23
01/09/2024,33,PM2.5,QUAPAW SHELTER,40-115-9004,AQS,.,7,33
02/09/2024,28,PM2.5,QUAPAW SHELTER,40-115-9004,AQS,.,27,28
03/09/2024,33,Ozone,QUAPAW SHELTER,40-115-9004,AQS,33,11,32
04/09/2024,46,PM2.5,QUAPAW SHELTER,40-115-9004,AQS,38,21,46
05/09/2024,41,Ozone,QUAPAW SHELTER,40-115-9004,AQS,41,18,23
06/09/2024,34,Ozone,QUAPAW SHELTER,40-115-9004,AQS,34,11,25
07/09/2024,46,Ozone,QUAPAW SHELTER,40-115-9004,AQS,46,18,36
08/09/2024,56,PM2.5,QUAPAW SHELTER,40-115-9004,AQS,41,32,56
09/09/2024,70,PM10,QUAPAW SHELTER,40-115-9004,AQS,.,70,58
10/09/2024,64,PM10,QUAPAW SHELTER,40-115-9004,AQS,.,64,51
11/09/2024,31,Ozone,QUAPAW SHELTER,40-115-9004,AQS,31,6,18
12/09/2024,58,PM2.5,QUAPAW SHELTER,40-115-9004,AQS,.,18,58
01/10/2024,25,PM2.5,QUAPAW SHELTER,40-115-9004,AQS,.,10,25
02/10/2024,31,PM2.5,,40-115-9007,AQS,.,13,31
03/10/2024,51,PM2.5,QUAPAW SHELTER,40-115-9004,AQS,38,15,51
04/10/2024,39,Ozone,QUAPAW SHELTER,40-115-9004,AQS,39,11,25
05/10/2024,42,Ozone,QUAPAW SHELTER,40-115-9004,AQS,42,19,31
06/10/2024,53,PM2.5,QUAPAW SHELTER,40-115-9004,AQS,48,25,53
07/10/2024,77,Ozone,QUAPAW SHELTER,40-115-9004,AQS,77,25,56
08/10/2024,47,PM2.5,QUAPAW SHELTER,40-115-9004,AQS,31,21,47
09/10/2024,74,Ozone,QUAPAW SHELTER,40-115-9004,AQS,74,64,71
10/10/2024,65,PM10,QUAPAW SHELTER,40-115-9004,AQS,.,65,51
11/10/2024,31,Ozone,QUAPAW SHELTER,40-115-9004,AQS,31,6,16
12/10/2024,34,PM2.5,,40-115-9007,AQS,.,21,34
01/11/2024,33,PM2.5,,40-115-9007,AQS,.,31,33
02/11/2024,31,PM2.5,QUAPAW SHELTER,40-115-9004,AQS,.,10,31
03/11/2024,53,PM2.5,QUAPAW SHELTER,40-115-9004,AQS,42,24,53
04/11/2024,40,Ozone,QUAPAW SHELTER,40-115-9004,AQS,40,18,20
05/11/2024,52,PM2.5,QUAPAW SHELTER,40-115-9004,AQS,47,29,52
06/11/2024,64,Ozone,QUAPAW SHELTER,40-115-9004,AQS,64,50,54
07/11/2024,84,Ozone,QUAPAW SHELTER,40-115-9004,AQS,84,33,66
08/11/2024,40,PM2.5,QUAPAW SHELTER,40-115-9004,AQS,37,17,40
09/11/2024,80,PM2.5,QUAPAW SHELTER,40-115-9004,AQS,48,53,80
10/11/2024,54,PM2.5,,40-115-9007,AQS,.,50,54
11/11/2024,34,PM2.5,QUAPAW SHELTER,40-115-9004,AQS,34,10,34
12/11/2024,29,PM2.5,,40-115-9007,AQS,.,19,29
01/12/2024,47,PM2.5,QUAPAW SHELTER,40-115-9004,AQS,.,15,47
02/12/2024,33,PM2.5,QUAPAW SHELTER,40-115-9004,AQS,.,10,33
03/12/2024,55,PM2.5,,40-115-9007,AQS,.,41,55
04/12/2024,42,Ozone,QUAPAW SHELTER,40-115-9004,AQS,42,19,24
05/12/2024,55,PM2.5,QUAPAW SHELTER,40-115-9004,AQS,43,26,55
06/12/2024,56,PM2.5,QUAPAW SHELTER,40-115-9004,AQS,50,34,56
07/12/2024,77,Ozone,QUAPAW SHELTER,40-115-9004,AQS,77,27,64
08/12/2024,77,Ozone,QUAPAW SHELTER,40-115-9004,AQS,77,15,45
09/12/2024,76,PM2.5,QUAPAW SHELTER,40-115-9004,AQS,54,52,76
10/12/2024,59,PM2.5,QUAPAW SHELTER,40-115-9004,AQS,.,44,59
11/12/2024,34,Ozone,QUAPAW SHELTER,40-115-9004,AQS,34,14,31
12/12/2024,25,PM2.5,,40-115-9007,AQS,.,25,25
01/01/2025,36,PM2.5,QUAPAW SHELTER,40-115-9004,AQS,.,10,36
02/01/2025,40,PM2.5,QUAPAW SHELTER,40-115-9004,AQS,.,10,40
03/01/2025,37,Ozone,QUAPAW SHELTER,40-115-9004,AQS,37,20,35
04/01/2025,65,PM2.5,QUAPAW SHELTER,40-115-9004,AQS,39,37,65
05/01/2025,38,Ozone,QUAPAW SHELTER,40-115-9004,AQS,38,12,31
06/01/2025,58,Ozone,QUAPAW SHELTER,40-115-9004,AQS,58,17,43
07/01/2025,44,Ozone,QUAPAW SHELTER,40-115-9004,AQS,44,14,29
08/01/2025,94,PM2.5,,40-115-9007,AQS,42,44,94
09/01/2025,48,PM2.5,QUAPAW SHELTER,40-115-9004,AQS,30,15,48
01/02/2025,54,PM2.5,QUAPAW SHELTER,40-115-9004,AQS,.,23,54
02/02/2025,30,PM2.5,QUAPAW SHELTER,40-115-9004,AQS,.,14,30
03/02/2025,112,PM2.5,,40-115-9007,AQS,39,54,112
04/02/2025,57,PM2.5,,40-115-9007,AQS,45,31,57
05/02/2025,40,Ozone,QUAPAW SHELTER,40-115-9004,AQS,40,10,22
06/02/2025,52,PM2.5,QUAPAW SHELTER,40-115-9004,AQS,.,25,52
07/02/2025,51,PM2.5,,40-115-9007,AQS,47,37,51
08/02/2025,96,PM2.5,,40-115-9007,AQS,49,46,96
09/02/2025,54,PM2.5,QUAPAW SHELTER,40-115-9004,AQS,35,21,54
01/03/2025,53,PM2.5,QUAPAW SHELTER,40-115-9004,AQS,.,16,53
02/03/2025,42,PM2.5,QUAPAW SHELTER,40-115-9004,AQS,.,19,42
03/03/2025,65,PM2.5,,40-115-9007,AQS,.,45,65
04/03/2025,40,Ozone,QUAPAW SHELTER,40-115-9004,AQS,40,7,19
05/03/2025,40,Ozone,QUAPAW SHELTER,40-115-9004,AQS,40,9,21
06/03/2025,44,Ozone,QUAPAW SHELTER,40-115-9004,AQS,44,19,41
07/03/2025,49,PM2.5,QUAPAW SHELTER,40-115-9004,AQS,42,36,49
08/03/2025,80,PM2.5,,40-115-9007,AQS,44,35,80
09/03/2025,51,PM2.5,QUAPAW SHELTER,40-115-9004,AQS,38,25,51
01/04/2025,43,PM2.5,,40-115-9007,AQS,.,11,43
02/04/2025,52,PM2.5,QUAPAW SHELTER,40-115-9004,AQS,.,15,52
03/04/2025,44,PM2.5,,40-115-9007,AQS,.,20,44
04/04/2025,29,Ozone,QUAPAW SHELTER,40-115-9004,AQS,29,5,17
05/04/2025,38,Ozone,QUAPAW SHELTER,40-115-9004,AQS,38,9,23
06/04/2025,42,PM2.5,,40-115-9007,AQS,25,14,42
07/04/2025,58,PM2.5,QUAPAW SHELTER,40-115-9004,AQS,31,31,58
08/04/2025,66,PM2.5,QUAPAW SHELTER,40-115-9004,AQS,46,33,66
09/04/2025,67,PM2.5,,40-115-9007,AQS,35,37,67
01/05/2025,24,PM2.5,QUAPAW SHELTER,40-115-9004,AQS,.,8,24
02/05/2025,38,PM2.5,QUAPAW SHELTER,40-115-9004,AQS,.,7,38
03/05/2025,18,PM2.5,QUAPAW SHELTER,40-115-9004,AQS,.,6,18
04/05/2025,35,Ozone,QUAPAW SHELTER,40-115-9004,AQS,35,7,33
05/05/2025,45,Ozone,QUAPAW SHELTER,40-115-9004,AQS,45,16,36
06/05/2025,36,PM2.5,QUAPAW SHELTER,40-115-9004,AQS,30,15,36
07/05/2025,63,PM2.5,QUAPAW SHELTER,40-115-9004,AQS,26,39,63
08/05/2025,61,PM2.5,QUAPAW SHELTER,40-115-9004,AQS,54,31,61
09/05/2025,61,PM2.5,,40-115-9007,AQS,23,36,61
01/06/2025,20,PM2.5,QUAPAW SHELTER,40-115-9004,AQS,.,7,20
02/06/2025,44,PM2.5,QUAPAW SHELTER,40-115-9004,AQS,.,11,44
03/06/2025,24,PM2.5,QUAPAW SHELTER,40-115-9004,AQS,.,19,24
04/06/2025,37,Ozone,QUAPAW SHELTER,40-115-9004,AQS,37,9,26
05/06/2025,38,PM2.5,QUAPAW SHELTER,40-115-9004,AQS,34,19,38
06/06/2025,40,Ozone,QUAPAW SHELTER,40-115-9004,AQS,40,11,28
07/06/2025,61,PM2.5,QUAPAW SHELTER,40-115-9004,AQS,35,37,61
08/06/2025,65,PM2.5,QUAPAW SHELTER,40-115-9004,AQS,44,34,65
09/06/2025,68,PM2.5,,40-115-9007,AQS,31,35,68
01/07/2025,36,PM2.5,QUAPAW SHELTER,40-115-9004,AQS,.,15,36
02/07/2025,31,PM2.5,QUAPAW SHELTER,40-115-9004,AQS,.,10,31
03/07/2025,40,Ozone,QUAPAW SHELTER,40-115-9004,AQS,40,27,29
04/07/2025,58,Ozone,QUAPAW SHELTER,40-115-9004,AQS,58,20,57
05/07/2025,34,PM2.5,QUAPAW SHELTER,40-115-9004,AQS,31,10,34
06/07/2025,43,Ozone,QUAPAW SHELTER,40-115-9004,AQS,43,10,19
07/07/2025,53,PM2.5,QUAPAW SHELTER,40-115-9004,AQS,.,28,53
08/07/2025,64,PM2.5,QUAPAW SHELTER,40-115-9004,AQS,46,31,64
09/07/2025,96,PM2.5,,40-115-9007,AQS,34,54,96
01/08/2025,59,PM2.5,QUAPAW SHELTER,40-115-9004,AQS,.,19,59
02/08/2025,40,PM2.5,QUAPAW SHELTER,40-115-9004,AQS,.,12,40
03/08/2025,39,PM2.5,QUAPAW SHELTER,40-115-9004,AQS,32,11,39
04/08/2025,50,Ozone,QUAPAW SHELTER,40-115-9004,AQS,50,24,45
05/08/2025,42,Ozone,QUAPAW SHELTER,40-115-9004,AQS,42,11,28
06/08/2025,48,Ozone,QUAPAW SHELTER,40-115-9004,AQS,48,14,33
07/08/2025,41,Ozone,QUAPAW SHELTER,40-115-9004,AQS,41,20,33
08/08/2025,61,PM2.5,QUAPAW SHELTER,40-115-9004,AQS,43,33,61
09/08/2025,58,PM2.5,,40-115-9007,AQS,36,40,58
01/09/2025,57,PM2.5,QUAPAW SHELTER,40-115-9004,AQS,.,31,57
02/09/2025,48,PM2.5,QUAPAW SHELTER,40-115-9004,AQS,.,14,48
03/09/2025,49,PM2.5,QUAPAW SHELTER,40-115-9004,AQS,43,17,49
04/09/2025,84,Ozone,QUAPAW SHELTER,40-115-9004,AQS,84,33,57
05/09/2025,44,Ozone,QUAPAW SHELTER,40-115-9004,AQS,44,18,35
06/09/2025,57,PM2.5,QUAPAW SHELTER,40-115-9004,AQS,46,25,57
07/09/2025,48,Ozone,QUAPAW SHELTER,40-115-9004,AQS,48,19,33
08/09/2025,60,PM2.5,QUAPAW SHELTER,40-115-9004,AQS,39,25,60
09/09/2025,51,PM2.5,QUAPAW SHELTER,40-115-9004,AQS,38,37,51
01/10/2025,53,PM2.5,QUAPAW SHELTER,40-115-9004,AQS,.,11,53
02/10/2025,41,PM2.5,QUAPAW SHELTER,40-115-9004,AQS,.,16,41
03/10/2025,61,PM2.5,QUAPAW SHELTER,40-115-9004,AQS,44,32,61
04/10/2025,59,PM2.5,QUAPAW SHELTER,40-115-9004,AQS,45,36,59
05/10/2025,54,Ozone,QUAPAW SHELTER,40-115-9004,AQS,54,16,31
06/10/2025,60,PM2.5,QUAPAW SHELTER,40-115-9004,AQS,54,31,60
07/10/2025,48,PM2.5,,40-115-9007,AQS,.,38,48
08/10/2025,58,PM2.5,QUAPAW SHELTER,40-115-9004,AQS,38,24,58
09/10/2025,60,PM2.5,QUAPAW SHELTER,40-115-9004,AQS,46,49,60
01/11/2025,48,PM2.5,QUAPAW SHELTER,40-115-9004,AQS,.,10,48
02/11/2025,44,PM2.5,QUAPAW SHELTER,40-115-9004,AQS,.,10,44
03/11/2025,50,Ozone,QUAPAW SHELTER,40-115-9004,AQS,50,37,48
04/11/2025,43,Ozone,QUAPAW SHELTER,40-115-9004,AQS,43,27,40
05/11/2025,58,Ozone,QUAPAW SHELTER,40-115-9004,AQS,58,19,36
06/11/2025,64,PM2.5,QUAPAW SHELTER,40-115-9004,AQS,46,39,64
07/11/2025,56,PM2.5,QUAPAW SHELTER,40-115-9004,AQS,36,40,56
08/11/2025,51,PM2.5,QUAPAW SHELTER,40-115-9004,AQS,39,16,51
09/11/2025,75,PM2.5,,40-115-9007,AQS,49,51,75
01/12/2025,47,PM2.5,QUAPAW SHELTER,40-115-9004,AQS,.,10,47
02/12/2025,53,PM2.5,QUAPAW SHELTER,40-115-9004,AQS,.,12,53
03/12/2025,74,PM2.5,QUAPAW SHELTER,40-115-9004,AQS,45,65,74
04/12/2025,73,PM2.5,QUAPAW SHELTER,40-115-9004,AQS,71,33,73
05/12/2025,57,PM10,,40-115-9007,AQS,50,57,50
06/12/2025,52,PM2.5,QUAPAW SHELTER,40-115-9004,AQS,35,19,52
07/12/2025,41,Ozone,QUAPAW SHELTER,40-115-9004,AQS,41,17,38
08/12/2025,50,PM2.5,QUAPAW SHELTER,40-115-9004,AQS,47,19,50
09/12/2025,64,PM2.5,QUAPAW SHELTER,40-115-9004,AQS,50,41,64
01/13/2021,57,PM2.5,,40-115-9007,AQS,.,13,57
01/13/2022,28,PM2.5,QUAPAW SHELTER,40-115-9004,AQS,.,2,28
01/13/2023,56,PM2.5,,40-115-9007,AQS,.,17,56
01/13/2024,24,PM2.5,QUAPAW SHELTER,40-115-9004,AQS,.,11,24
01/13/2025,34,PM2.5,QUAPAW SHELTER,40-115-9004,AQS,.,9,34
01/14/2021,34,PM2.5,,40-115-9007,AQS,.,23,34
01/14/2022,42,PM2.5,QUAPAW SHELTER,40-115-9004,AQS,.,2,42
01/14/2023,58,PM2.5,,40-115-9007,AQS,.,18,58
01/14/2024,17,PM2.5,QUAPAW SHELTER,40-115-9004,AQS,.,7,17
01/14/2025,46,PM2.5,QUAPAW SHELTER,40-115-9004,AQS,.,12,46
01/15/2021,32,PM2.5,,40-115-9007,AQS,.,21,32
01/15/2022,37,PM2.5,QUAPAW SHELTER,40-115-9004,AQS,.,6,37
01/15/2023,54,PM2.5,,40-115-9007,AQS,.,20,54
01/15/2024,17,PM2.5,QUAPAW SHELTER,40-115-9004,AQS,.,6,17
01/15/2025,53,PM2.5,QUAPAW SHELTER,40-115-9004,AQS,.,19,53
01/16/2021,26,PM2.5,,40-115-9007,AQS,.,6,26
01/16/2022,59,PM2.5,QUAPAW SHELTER,40-115-9004,AQS,.,3,59
01/16/2023,34,PM2.5,,40-115-9007,AQS,.,20,34
01/16/2024,19,PM2.5,QUAPAW SHELTER,40-115-9004,AQS,.,6,19
01/16/2025,38,PM2.5,,40-115-9007,AQS,.,17,38
01/17/2021,17,PM2.5,,40-115-9007,AQS,.,6,17
01/17/2022,54,PM2.5,QUAPAW SHELTER,40-115-9004,AQS,.,3,54
01/17/2023,51,PM2.5,,40-115-9007,AQS,.,19,51
01/17/2024,24,PM2.5,QUAPAW SHELTER,40-115-9004,AQS,.,10,24
01/17/2025,33,PM2.5,QUAPAW SHELTER,40-115-9004,AQS,.,15,33
01/18/2021,27,PM2.5,,40-115-9007,AQS,.,14,27
01/18/2022,36,PM2.5,QUAPAW SHELTER,40-115-9004,AQS,.,1,36
01/18/2023,47,PM2.5,,40-115-9007,AQS,.,13,47
01/18/2024,52,PM2.5,QUAPAW SHELTER,40-115-9004,AQS,.,19,52
01/18/2025,35,PM10,,40-115-9007,AQS,.,35,22
01/19/2021,51,PM2.5,,40-115-9007,AQS,.,11,51
01/19/2022,71,PM2.5,QUAPAW SHELTER,40-115-9004,AQS,.,1,71
01/19/2023,33,PM2.5,,40-115-9007,AQS,.,11,33
01/19/2024,31,PM2.5,QUAPAW SHELTER,40-115-9004,AQS,.,14,31
01/19/2025,21,PM2.5,,40-115-9007,AQS,.,21,21
01/20/2021,52,PM2.5,,40-115-9007,AQS,.,19,52
01/20/2022,130,PM2.5,QUAPAW SHELTER,40-115-9004,AQS,.,2,130
01/20/2023,39,PM2.5,,40-115-9007,AQS,.,9,39
01/20/2024,42,PM2.5,QUAPAW SHELTER,40-115-9004,AQS,.,14,42
01/20/2025,24,PM2.5,QUAPAW SHELTER,40-115-9004,AQS,.,12,24
01/21/2021,66,PM2.5,,40-115-9007,AQS,.,19,66
01/21/2022,154,PM2.5,QUAPAW SHELTER,40-115-9004,AQS,.,1,154
01/21/2023,53,PM2.5,,40-115-9007,AQS,.,12,53
01/21/2024,31,PM2.5,QUAPAW SHELTER,40-115-9004,AQS,.,13,31
01/21/2025,20,PM2.5,QUAPAW SHELTER,40-115-9004,AQS,.,12,20
01/22/2021,41,PM2.5,,40-115-9007,AQS,.,13,41
01/22/2022,183,PM2.5,QUAPAW SHELTER,40-115-9004,AQS,.,1,183
01/22/2023,53,PM2.5,,40-115-9007,AQS,.,11,53
01/22/2024,27,PM2.5,QUAPAW SHELTER,40-115-9004,AQS,.,6,27
01/22/2025,45,PM2.5,QUAPAW SHELTER,40-115-9004,AQS,.,29,45
01/23/2021,44,PM2.5,,40-115-9007,AQS,.,11,44
01/23/2022,185,PM2.5,QUAPAW SHELTER,40-115-9004,AQS,.,1,185
01/23/2023,57,PM2.5,,40-115-9007,AQS,.,15,57
01/23/2024,35,PM2.5,QUAPAW SHELTER,40-115-9004,AQS,.,7,35
01/23/2025,32,PM2.5,QUAPAW SHELTER,40-115-9004,AQS,.,16,32
01/24/2021,61,PM2.5,,40-115-9007,AQS,.,11,61
01/24/2022,165,PM2.5,QUAPAW SHELTER,40-115-9004,AQS,.,1,165
01/24/2023,55,PM2.5,,40-115-9007,AQS,.,14,55
01/24/2024,31,PM2.5,QUAPAW SHELTER,40-115-9004,AQS,.,7,31
01/24/2025,45,PM2.5,QUAPAW SHELTER,40-115-9004,AQS,.,25,45
01/25/2021,18,PM2.5,,40-115-9007,AQS,.,3,18
01/25/2022,26,PM2.5,QUAPAW SHELTER,40-115-9004,AQS,.,0,26
01/25/2023,65,PM2.5,,40-115-9007,AQS,.,17,65
01/25/2024,34,PM2.5,QUAPAW SHELTER,40-115-9004,AQS,.,8,34
01/25/2025,34,PM2.5,,40-115-9007,AQS,.,19,34
01/26/2021,65,PM2.5,,40-115-9007,AQS,.,10,65
01/26/2022,37,PM2.5,QUAPAW SHELTER,40-115-9004,AQS,.,0,37
01/26/2023,50,PM2.5,,40-115-9007,AQS,.,11,50
01/26/2024,28,PM2.5,QUAPAW SHELTER,40-115-9004,AQS,.,6,28
01/26/2025,48,PM2.5,QUAPAW SHELTER,40-115-9004,AQS,.,20,48
01/27/2021,55,PM2.5,,40-115-9007,AQS,.,9,55
01/27/2022,53,PM2.5,QUAPAW SHELTER,40-115-9004,AQS,.,1,53
01/27/2023,37,PM2.5,,40-115-9007,AQS,.,12,37
01/27/2024,26,PM2.5,,40-115-9007,AQS,.,6,26
01/27/2025,37,PM2.5,QUAPAW SHELTER,40-115-9004,AQS,.,26,37
01/28/2021,59,PM2.5,,40-115-9007,AQS,.,9,59
01/28/2022,27,PM2.5,QUAPAW SHELTER,40-115-9004,AQS,.,2,27
01/28/2023,46,PM2.5,,40-115-9007,AQS,.,14,46
01/28/2024,42,PM2.5,QUAPAW SHELTER,40-115-9004,AQS,.,9,42
01/28/2025,58,PM2.5,,40-115-9007,AQS,.,43,58
01/29/2021,56,PM2.5,,40-115-9007,AQS,.,10,56
01/29/2022,33,PM2.5,QUAPAW SHELTER,40-115-9004,AQS,.,1,33
01/29/2023,56,PM2.5,,40-115-9007,AQS,.,14,56
01/29/2024,46,PM2.5,QUAPAW SHELTER,40-115-9004,AQS,.,13,46
01/29/2025,74,PM2.5,QUAPAW SHELTER,40-115-9004,AQS,.,53,74
01/30/2021,57,PM2.5,,40-115-9007,AQS,.,9,57
01/30/2022,29,PM2.5,QUAPAW SHELTER,40-115-9004,AQS,.,2,29
01/30/2023,27,PM2.5,,40-115-9007,AQS,.,9,27
01/30/2024,28,PM2.5,QUAPAW SHELTER,40-115-9004,AQS,.,19,28
01/30/2025,22,PM2.5,QUAPAW SHELTER,40-115-9004,AQS,.,6,22
01/31/2021,82,PM2.5,,40-115-9007,AQS,.,19,82
01/31/2022,53,PM2.5,QUAPAW SHELTER,40-115-9004,AQS,.,0,53
01/31/2023,50,PM2.5,,40-115-9007,AQS,.,18,50
01/31/2024,43,PM2.5,,40-115-9007,AQS,.,19,43
01/31/2025,41,PM2.5,QUAPAW SHELTER,40-115-9004,AQS,.,12,41
02/13/2021,40,PM2.5,,40-115-9007,AQS,.,16,40
02/13/2022,58,PM2.5,QUAPAW SHELTER,40-115-9004,AQS,.,.,58
02/13/2023,56,PM2.5,,40-115-9007,AQS,.,29,56
02/13/2024,33,PM2.5,QUAPAW SHELTER,40-115-9004,AQS,.,13,33
02/13/2025,53,PM2.5,QUAPAW SHELTER,40-115-9004,AQS,.,14,53
02/14/2021,34,PM2.5,,40-115-9007,AQS,.,27,34
02/14/2022,3,PM2.5,,40-115-9007,AQS,.,0,3
02/14/2023,33,PM2.5,,40-115-9007,AQS,.,15,33
02/14/2024,25,PM2.5,,40-115-9007,AQS,.,15,25
02/14/2025,54,PM2.5,,40-115-9007,AQS,.,19,54
02/15/2021,35,PM2.5,,40-115-9007,AQS,.,12,35
02/15/2022,49,PM2.5,QUAPAW SHELTER,40-115-9004,AQS,.,1,49
02/15/2023,43,PM2.5,,40-115-9007,AQS,.,16,43
02/15/2024,53,PM2.5,QUAPAW SHELTER,40-115-9004,AQS,.,18,53
02/15/2025,49,PM2.5,QUAPAW SHELTER,40-115-9004,AQS,.,11,49
02/16/2021,53,PM2.5,,40-115-9007,AQS,.,12,53
02/16/2022,52,PM2.5,QUAPAW SHELTER,40-115-9004,AQS,.,2,52
02/16/2023,36,PM2.5,,40-115-9007,AQS,.,9,36
02/16/2024,35,PM2.5,QUAPAW SHELTER,40-115-9004,AQS,.,10,35
02/16/2025,53,PM2.5,,40-115-9007,AQS,.,14,53
02/17/2021,55,PM2.5,,40-115-9007,AQS,.,11,55
02/17/2022,46,PM2.5,QUAPAW SHELTER,40-115-9004,AQS,.,0,46
02/17/2023,31,PM2.5,,40-115-9007,AQS,.,12,31
02/17/2024,35,PM2.5,,40-115-9007,AQS,.,11,35
02/17/2025,32,PM2.5,QUAPAW SHELTER,40-115-9004,AQS,.,12,32
02/18/2021,58,PM2.5,,40-115-9007,AQS,.,11,58
02/18/2022,40,PM2.5,QUAPAW SHELTER,40-115-9004,AQS,.,0,40
02/18/2023,27,PM2.5,,40-115-9007,AQS,.,10,27
02/18/2024,38,PM2.5,QUAPAW SHELTER,40-115-9004,AQS,.,15,38
02/18/2025,36,PM2.5,QUAPAW SHELTER,40-115-9004,AQS,.,19,36
02/19/2021,79,PM2.5,,40-115-9007,AQS,.,19,79
02/19/2022,39,PM2.5,QUAPAW SHELTER,40-115-9004,AQS,.,0,39
02/19/2023,38,PM2.5,,40-115-9007,AQS,.,17,38
02/19/2024,53,PM2.5,QUAPAW SHELTER,40-115-9004,AQS,.,24,53
02/19/2025,22,PM2.5,QUAPAW SHELTER,40-115-9004,AQS,.,7,22
02/20/2021,71,PM2.5,,40-115-9007,AQS,.,17,71
02/20/2022,52,PM2.5,QUAPAW SHELTER,40-115-9004,AQS,.,1,52
02/20/2023,57,PM2.5,QUAPAW SHELTER,40-115-9004,AQS,.,27,57
02/20/2024,70,PM2.5,QUAPAW SHELTER,40-115-9004,AQS,.,52,70
02/20/2025,28,PM2.5,QUAPAW SHELTER,40-115-9004,AQS,.,9,28
02/21/2021,61,PM2.5,,40-115-9007,AQS,.,12,61
02/21/2022,53,PM2.5,QUAPAW SHELTER,40-115-9004,AQS,.,2,53
02/21/2023,57,PM2.5,QUAPAW SHELTER,40-115-9004,AQS,.,31,57
02/21/2024,65,PM2.5,QUAPAW SHELTER,40-115-9004,AQS,.,44,65
02/21/2025,50,PM2.5,QUAPAW SHELTER,40-115-9004,AQS,.,14,50
02/22/2021,38,PM2.5,,40-115-9007,AQS,.,11,38
02/22/2022,41,PM2.5,QUAPAW SHELTER,40-115-9004,AQS,.,0,41
02/22/2023,53,PM2.5,,40-115-9007,AQS,.,18,53
02/22/2024,41,PM2.5,QUAPAW SHELTER,40-115-9004,AQS,.,19,41
02/22/2025,57,PM2.5,QUAPAW SHELTER,40-115-9004,AQS,.,20,57
02/23/2021,41,PM2.5,,40-115-9007,AQS,.,15,41
02/23/2022,46,PM2.5,QUAPAW SHELTER,40-115-9004,AQS,.,0,46
02/23/2023,41,PM2.5,,40-115-9007,AQS,.,14,41
02/23/2024,25,PM10,,40-115-9007,AQS,.,25,22
02/23/2025,59,PM2.5,QUAPAW SHELTER,40-115-9004,AQS,.,23,59
02/24/2021,44,PM2.5,,40-115-9007,AQS,.,13,44
02/24/2022,52,PM2.5,QUAPAW SHELTER,40-115-9004,AQS,.,0,52
02/24/2023,51,PM2.5,,40-115-9007,AQS,.,21,51
02/24/2024,35,PM2.5,,40-115-9007,AQS,.,19,35
02/24/2025,57,PM2.5,QUAPAW SHELTER,40-115-9004,AQS,.,22,57
02/25/2021,51,PM2.5,,40-115-9007,AQS,.,9,51
02/25/2022,61,PM2.5,QUAPAW SHELTER,40-115-9004,AQS,.,.,61
02/25/2023,59,PM2.5,,40-115-9007,AQS,.,22,59
02/25/2024,100,PM2.5,,40-115-9007,AQS,.,51,100
02/25/2025,54,PM2.5,QUAPAW SHELTER,40-115-9004,AQS,.,23,54
02/26/2021,55,PM2.5,,40-115-9007,AQS,.,9,55
02/26/2022,63,PM2.5,QUAPAW SHELTER,40-115-9004,AQS,.,.,63
02/26/2023,61,PM2.5,,40-115-9007,AQS,.,20,61
02/26/2024,86,PM2.5,,40-115-9007,AQS,.,50,86
02/26/2025,46,PM2.5,QUAPAW SHELTER,40-115-9004,AQS,.,21,46
02/27/2021,56,PM2.5,,40-115-9007,AQS,.,11,56
02/27/2022,58,PM2.5,QUAPAW SHELTER,40-115-9004,AQS,.,.,58
02/27/2023,63,PM2.5,QUAPAW SHELTER,40-115-9004,AQS,.,61,63
02/27/2024,64,PM10,,40-115-9007,AQS,.,64,56
02/27/2025,19,PM2.5,QUAPAW SHELTER,40-115-9004,AQS,.,17,19
02/28/2021,54,PM2.5,,40-115-9007,AQS,.,9,54
02/28/2022,53,PM2.5,QUAPAW SHELTER,40-115-9004,AQS,.,.,53
02/28/2023,51,PM2.5,,40-115-9007,AQS,.,31,51
02/28/2024,58,PM2.5,,40-115-9007,AQS,.,42,58
02/28/2025,44,PM2.5,QUAPAW SHELTER,40-115-9004,AQS,.,35,44
02/29/2024,70,PM10,,40-115-9007,AQS,.,70,63
03/13/2021,18,PM2.5,,40-115-9007,AQS,15,2,18
03/13/2022,48,Ozone,QUAPAW SHELTER,40-115-9004,AQS,48,1,33
03/13/2023,38,Ozone,QUAPAW SHELTER,40-115-9004,AQS,38,10,36
03/13/2024,55,PM2.5,,40-115-9007,AQS,35,41,55
03/13/2025,75,PM2.5,QUAPAW SHELTER,40-115-9004,AQS,58,57,75
03/14/2021,53,PM2.5,,40-115-9007,AQS,23,11,53
03/14/2022,54,PM2.5,QUAPAW SHELTER,40-115-9004,AQS,46,1,54
03/14/2023,56,PM2.5,,40-115-9007,AQS,39,19,56
03/14/2024,55,PM2.5,QUAPAW SHELTER,40-115-9004,AQS,28,21,55
03/14/2025,305,PM10,,40-115-9007,AQS,44,305,137
03/15/2021,52,PM2.5,,40-115-9007,AQS,23,24,52
03/15/2022,61,PM2.5,QUAPAW SHELTER,40-115-9004,AQS,42,1,61
03/15/2023,109,PM2.5,,40-115-9007,AQS,46,52,109
03/15/2024,37,PM2.5,QUAPAW SHELTER,40-115-9004,AQS,37,17,37
03/15/2025,97,PM10,,40-115-9007,AQS,31,97,63
03/16/2021,53,PM2.5,,40-115-9007,AQS,25,25,53
03/16/2022,63,PM2.5,QUAPAW SHELTER,40-115-9004,AQS,46,1,63
03/16/2023,65,PM2.5,,40-115-9007,AQS,41,22,65
03/16/2024,58,PM2.5,QUAPAW SHELTER,40-115-9004,AQS,41,27,58
03/16/2025,39,Ozone,QUAPAW SHELTER,40-115-9004,AQS,39,16,33
03/17/2021,37,PM2.5,,40-115-9007,AQS,17,9,37
03/17/2022,63,PM2.5,QUAPAW SHELTER,40-115-9004,AQS,.,0,63
03/17/2023,43,Ozone,QUAPAW SHELTER,40-115-9004,AQS,43,10,34
03/17/2024,36,Ozone,QUAPAW SHELTER,40-115-9004,AQS,36,14,23
03/17/2025,64,PM2.5,,40-115-9007,AQS,.,51,64
03/18/2021,51,PM2.5,,40-115-9007,AQS,19,7,51
03/18/2022,36,Ozone,QUAPAW SHELTER,40-115-9004,AQS,36,2,32
03/18/2023,42,Ozone,QUAPAW SHELTER,40-115-9004,AQS,42,9,32
03/18/2024,35,PM2.5,QUAPAW SHELTER,40-115-9004,AQS,33,19,35
03/18/2025,60,PM10,,40-115-9007,AQS,48,60,57
03/19/2021,25,PM2.5,,40-115-9007,AQS,24,6,25
03/19/2022,45,Ozone,QUAPAW SHELTER,40-115-9004,AQS,45,0,27
03/19/2023,43,Ozone,QUAPAW SHELTER,40-115-9004,AQS,43,12,38
03/19/2024,60,PM2.5,QUAPAW SHELTER,40-115-9004,AQS,44,38,60
03/19/2025,87,PM10,QUAPAW SHELTER,40-115-9004,AQS,42,87,56
03/20/2021,60,PM2.5,,40-115-9007,AQS,27,10,60
03/20/2022,65,PM2.5,QUAPAW SHELTER,40-115-9004,AQS,64,0,65
03/20/2023,54,PM2.5,,40-115-9007,AQS,50,22,54
03/20/2024,74,PM2.5,,40-115-9007,AQS,44,51,74
03/20/2025,40,Ozone,QUAPAW SHELTER,40-115-9004,AQS,40,14,25
03/21/2021,90,PM2.5,,40-115-9007,AQS,25,19,90
03/21/2022,70,PM2.5,QUAPAW SHELTER,40-115-9004,AQS,43,0,70
03/21/2023,58,PM2.5,,40-115-9007,AQS,40,16,58
03/21/2024,77,PM2.5,QUAPAW SHELTER,40-115-9004,AQS,41,61,77
03/21/2025,46,Ozone,QUAPAW SHELTER,40-115-9004,AQS,46,45,39
03/22/2021,93,PM2.5,,40-115-9007,AQS,25,26,93
03/22/2022,32,Ozone,QUAPAW SHELTER,40-115-9004,AQS,32,3,19
03/22/2023,50,PM2.5,,40-115-9007,AQS,34,15,50
03/22/2024,66,PM2.5,QUAPAW SHELTER,40-115-9004,AQS,35,41,66
03/22/2025,45,Ozone,QUAPAW SHELTER,40-115-9004,AQS,45,28,28
03/23/2021,35,PM2.5,,40-115-9007,AQS,22,12,35
03/23/2022,33,Ozone,QUAPAW SHELTER,40-115-9004,AQS,33,6,19
03/23/2023,59,PM2.5,,40-115-9007,AQS,30,20,59
03/23/2024,69,PM2.5,,40-115-9007,AQS,32,27,69
03/23/2025,40,Ozone,QUAPAW SHELTER,40-115-9004,AQS,40,21,31
03/24/2021,19,Ozone,QUAPAW SHELTER,40-115-9004,AQS,19,6,15
03/24/2022,32,Ozone,QUAPAW SHELTER,40-115-9004,AQS,32,6,24
03/24/2023,52,PM2.5,,40-115-9007,AQS,24,11,52
03/24/2024,80,PM2.5,QUAPAW SHELTER,40-115-9004,AQS,36,43,80
03/24/2025,55,PM2.5,QUAPAW SHELTER,40-115-9004,AQS,46,35,55
03/25/2021,27,PM2.5,,40-115-9007,AQS,15,3,27
03/25/2022,37,Ozone,QUAPAW SHELTER,40-115-9004,AQS,37,.,28
03/25/2023,53,PM2.5,,40-115-9007,AQS,45,13,53
03/25/2024,54,PM2.5,QUAPAW SHELTER,40-115-9004,AQS,37,31,54
03/25/2025,55,PM2.5,,40-115-9007,AQS,37,52,55
03/26/2021,39,PM2.5,,40-115-9007,AQS,23,9,39
03/26/2022,42,Ozone,QUAPAW SHELTER,40-115-9004,AQS,42,.,34
03/26/2023,53,PM2.5,,40-115-9007,AQS,39,13,53
03/26/2024,31,Ozone,QUAPAW SHELTER,40-115-9004,AQS,31,16,26
03/26/2025,53,PM2.5,,40-115-9007,AQS,47,36,53
03/27/2021,52,PM2.5,,40-115-9007,AQS,27,11,52
03/27/2022,42,Ozone,QUAPAW SHELTER,40-115-9004,AQS,42,.,31
03/27/2023,56,PM2.5,,40-115-9007,AQS,47,17,56
03/27/2024,46,PM2.5,QUAPAW SHELTER,40-115-9004,AQS,39,31,46
03/27/2025,58,PM2.5,QUAPAW SHELTER,40-115-9004,AQS,44,34,58
03/28/2021,40,PM2.5,,40-115-9007,AQS,23,8,40
03/28/2022,53,PM2.5,QUAPAW SHELTER,40-115-9004,AQS,47,.,53
03/28/2023,65,PM2.5,,40-115-9007,AQS,46,21,65
03/28/2024,76,PM2.5,,40-115-9007,AQS,41,44,76
03/28/2025,40,PM2.5,,40-115-9007,AQS,39,30,40
03/29/2021,87,PM2.5,,40-115-9007,AQS,30,29,87
03/29/2022,58,PM2.5,QUAPAW SHELTER,40-115-9004,AQS,44,.,58
03/29/2023,76,PM2.5,,40-115-9007,AQS,54,35,76
03/29/2024,69,PM10,,40-115-9007,AQS,44,69,57
03/29/2025,40,Ozone,QUAPAW SHELTER,40-115-9004,AQS,40,17,34
03/30/2021,63,PM2.5,,40-115-9007,AQS,24,33,63
03/30/2022,53,PM2.5,QUAPAW SHELTER,40-115-9004,AQS,38,.,53
03/30/2023,97,PM2.5,,40-115-9007,AQS,45,55,97
03/30/2024,52,PM2.5,QUAPAW SHELTER,40-115-9004,AQS,34,31,52
03/30/2025,22,PM2.5,QUAPAW SHELTER,40-115-9004,AQS,22,6,22
03/31/2021,45,PM2.5,,40-115-9007,AQS,23,23,45
03/31/2022,37,PM2.5,QUAPAW SHELTER,40-115-9004,AQS,33,.,37
03/31/2023,88,PM2.5,,40-115-9007,AQS,51,86,88
03/31/2024,54,PM2.5,QUAPAW SHELTER,40-115-9004,AQS,31,22,54
03/31/2025,43,PM2.5,QUAPAW SHELTER,40-115-9004,AQS,24,11,43
04/13/2021,30,PM2.5,,40-115-9007,AQS,.,16,30
04/13/2022,35,Ozone,QUAPAW SHELTER,40-115-9004,AQS,35,.,18
04/13/2023,143,PM2.5,,40-115-9007,AQS,47,65,143
04/13/2024,47,Ozone,QUAPAW SHELTER,40-115-9004,AQS,47,25,33
04/13/2025,55,PM2.5,QUAPAW SHELTER,40-115-9004,AQS,50,39,55
04/14/2021,52,PM2.5,,40-115-9007,AQS,.,24,52
04/14/2022,47,Ozone,QUAPAW SHELTER,40-115-9004,AQS,47,.,18
04/14/2023,89,PM2.5,,40-115-9007,AQS,64,56,89
04/14/2024,41,Ozone,QUAPAW SHELTER,40-115-9004,AQS,41,20,39
04/14/2025,58,PM2.5,,40-115-9007,AQS,37,48,58
04/15/2021,54,PM2.5,,40-115-9007,AQS,.,20,54
04/15/2022,44,Ozone,QUAPAW SHELTER,40-115-9004,AQS,44,.,18
04/15/2023,64,PM2.5,,40-115-9007,AQS,36,30,64
04/15/2024,57,PM2.5,QUAPAW SHELTER,40-115-9004,AQS,35,37,57
04/15/2025,55,PM2.5,QUAPAW SHELTER,40-115-9004,AQS,44,34,55
04/16/2021,49,PM2.5,,40-115-9007,AQS,19,7,49
04/16/2022,42,Ozone,QUAPAW SHELTER,40-115-9004,AQS,42,.,18
04/16/2023,45,Ozone,QUAPAW SHELTER,40-115-9004,AQS,45,17,35
04/16/2024,52,PM2.5,QUAPAW SHELTER,40-115-9004,AQS,46,35,52
04/16/2025,66,PM2.5,QUAPAW SHELTER,40-115-9004,AQS,49,46,66
04/17/2021,65,PM2.5,,40-115-9007,AQS,15,10,65
04/17/2022,35,Ozone,QUAPAW SHELTER,40-115-9004,AQS,35,.,18
04/17/2023,67,Ozone,QUAPAW SHELTER,40-115-9004,AQS,67,44,59
04/17/2024,55,PM2.5,QUAPAW SHELTER,40-115-9004,AQS,43,54,55
04/17/2025,70,PM2.5,,40-115-9007,AQS,45,53,70
04/18/2021,38,PM2.5,,40-115-9007,AQS,21,7,38
04/18/2022,44,Ozone,QUAPAW SHELTER,40-115-9004,AQS,44,.,18
04/18/2023,74,Ozone,QUAPAW SHELTER,40-115-9004,AQS,74,47,65
04/18/2024,60,PM2.5,QUAPAW SHELTER,40-115-9004,AQS,28,23,60
04/18/2025,59,PM2.5,QUAPAW SHELTER,40-115-9004,AQS,35,42,59
04/19/2021,56,PM2.5,,40-115-9007,AQS,28,13,56
04/19/2022,50,Ozone,QUAPAW SHELTER,40-115-9004,AQS,50,.,18
04/19/2023,67,PM2.5,,40-115-9007,AQS,46,43,67
04/19/2024,38,Ozone,QUAPAW SHELTER,40-115-9004,AQS,38,16,26
04/19/2025,45,PM2.5,QUAPAW SHELTER,40-115-9004,AQS,18,10,45
04/20/2021,46,PM2.5,,40-115-9007,AQS,19,9,46
04/20/2022,42,Ozone,QUAPAW SHELTER,40-115-9004,AQS,42,.,18
04/20/2023,62,PM2.5,,40-115-9007,AQS,47,43,62
04/20/2024,35,Ozone,QUAPAW SHELTER,40-115-9004,AQS,35,17,29
04/20/2025,31,Ozone,QUAPAW SHELTER,40-115-9004,AQS,31,4,11
04/21/2021,57,PM2.5,,40-115-9007,AQS,23,11,57
04/21/2022,41,PM2.5,QUAPAW SHELTER,40-115-9004,AQS,32,.,41
04/21/2023,61,PM2.5,,40-115-9007,AQS,.,42,61
04/21/2024,43,PM2.5,QUAPAW SHELTER,40-115-9004,AQS,40,32,43
04/21/2025,38,Ozone,QUAPAW SHELTER,40-115-9004,AQS,38,13,27
04/22/2021,58,PM2.5,,40-115-9007,AQS,26,15,58
04/22/2022,56,PM2.5,QUAPAW SHELTER,40-115-9004,AQS,44,.,56
04/22/2023,54,PM2.5,,40-115-9007,AQS,44,25,54
04/22/2024,55,PM2.5,QUAPAW SHELTER,40-115-9004,AQS,44,33,55
04/22/2025,44,Ozone,QUAPAW SHELTER,40-115-9004,AQS,44,25,36
04/23/2021,69,PM2.5,,40-115-9007,AQS,22,16,69
04/23/2022,54,PM2.5,QUAPAW SHELTER,40-115-9004,AQS,43,.,54
04/23/2023,59,PM2.5,,40-115-9007,AQS,47,37,59
04/23/2024,59,PM2.5,QUAPAW SHELTER,40-115-9004,AQS,.,46,59
04/23/2025,52,PM2.5,QUAPAW SHELTER,40-115-9004,AQS,44,22,52
04/24/2021,65,PM2.5,,40-115-9007,AQS,25,14,65
04/24/2022,39,Ozone,QUAPAW SHELTER,40-115-9004,AQS,39,.,24
04/24/2023,63,PM2.5,,40-115-9007,AQS,54,39,63
04/24/2024,55,PM2.5,QUAPAW SHELTER,40-115-9004,AQS,45,43,55
04/24/2025,53,PM2.5,QUAPAW SHELTER,40-115-9004,AQS,32,19,53
04/25/2021,67,PM2.5,,40-115-9007,AQS,26,19,67
04/25/2022,45,Ozone,QUAPAW SHELTER,40-115-9004,AQS,45,.,27
04/25/2023,57,PM2.5,,40-115-9007,AQS,45,18,57
04/25/2024,53,PM2.5,QUAPAW SHELTER,40-115-9004,AQS,33,19,53
04/25/2025,42,Ozone,QUAPAW SHELTER,40-115-9004,AQS,42,13,39
04/26/2021,63,PM2.5,,40-115-9007,AQS,29,32,63
04/26/2022,45,PM2.5,QUAPAW SHELTER,40-115-9004,AQS,.,.,45
04/26/2023,65,PM2.5,,40-115-9007,AQS,44,24,65
04/26/2024,57,PM2.5,QUAPAW SHELTER,40-115-9004,AQS,31,19,57
04/26/2025,33,PM2.5,,40-115-9007,AQS,31,12,33
04/27/2021,75,PM2.5,,40-115-9007,AQS,25,27,75
04/27/2022,38,PM2.5,QUAPAW SHELTER,40-115-9004,AQS,.,.,38
04/27/2023,72,PM2.5,,40-115-9007,AQS,37,25,72
04/27/2024,69,PM2.5,QUAPAW SHELTER,40-115-9004,AQS,33,28,69
04/27/2025,58,PM2.5,QUAPAW SHELTER,40-115-9004,AQS,30,19,58
04/28/2021,64,PM2.5,,40-115-9007,AQS,15,13,64
04/28/2022,48,Ozone,QUAPAW SHELTER,40-115-9004,AQS,48,.,41
04/28/2023,74,PM2.5,,40-115-9007,AQS,43,25,74
04/28/2024,35,Ozone,QUAPAW SHELTER,40-115-9004,AQS,35,8,22
04/28/2025,57,PM2.5,QUAPAW SHELTER,40-115-9004,AQS,26,25,57
04/29/2021,61,PM2.5,,40-115-9007,AQS,26,18,61
04/29/2022,49,PM2.5,QUAPAW SHELTER,40-115-9004,AQS,43,.,49
04/29/2023,56,PM2.5,,40-115-9007,AQS,45,20,56
04/29/2024,41,Ozone,QUAPAW SHELTER,40-115-9004,AQS,41,11,24
04/29/2025,38,PM2.5,QUAPAW SHELTER,40-115-9004,AQS,23,14,38
04/30/2021,61,PM2.5,,40-115-9007,AQS,30,19,61
04/30/2022,41,Ozone,QUAPAW SHELTER,40-115-9004,AQS,41,.,29
04/30/2023,43,Ozone,QUAPAW SHELTER,40-115-9004,AQS,43,19,39
04/30/2024,48,PM2.5,QUAPAW SHELTER,40-115-9004,AQS,43,23,48
04/30/2025,27,Ozone,QUAPAW SHELTER,40-115-9004,AQS,27,6,18
05/13/2021,42,PM2.5,,40-115-9007,AQS,26,18,42
05/13/2022,59,PM2.5,QUAPAW SHELTER,40-115-9004,AQS,24,.,59
05/13/2023,51,PM2.5,,40-115-9007,AQS,47,17,51
05/13/2024,48,Ozone,QUAPAW SHELTER,40-115-9004,AQS,48,11,34
05/13/2025,58,Ozone,QUAPAW SHELTER,40-115-9004,AQS,58,49,52
05/14/2021,54,PM2.5,,40-115-9007,AQS,22,19,54
05/14/2022,57,PM2.5,QUAPAW SHELTER,40-115-9004,AQS,29,.,57
05/14/2023,57,PM2.5,,40-115-9007,AQS,25,19,57
05/14/2024,92,PM2.5,QUAPAW SHELTER,40-115-9004,AQS,46,40,92
05/14/2025,63,PM2.5,QUAPAW SHELTER,40-115-9004,AQS,41,63,63
05/15/2021,59,PM2.5,,40-115-9007,AQS,19,15,59
05/15/2022,33,PM2.5,QUAPAW SHELTER,40-115-9004,AQS,21,.,33
05/15/2023,56,PM2.5,,40-115-9007,AQS,20,19,56
05/15/2024,58,PM2.5,QUAPAW SHELTER,40-115-9004,AQS,35,20,58
05/15/2025,66,PM10,,40-115-9007,AQS,45,66,58
05/16/2021,77,PM2.5,,40-115-9007,AQS,25,18,77
05/16/2022,29,Ozone,QUAPAW SHELTER,40-115-9004,AQS,29,.,27
05/16/2023,46,PM2.5,,40-115-9007,AQS,20,13,46
05/16/2024,44,Ozone,QUAPAW SHELTER,40-115-9004,AQS,44,13,39
05/16/2025,53,PM10,QUAPAW SHELTER,40-115-9004,AQS,48,53,52
05/17/2021,53,PM2.5,,40-115-9007,AQS,18,8,53
05/17/2022,43,PM2.5,QUAPAW SHELTER,40-115-9004,AQS,25,.,43
05/17/2023,55,PM2.5,,40-115-9007,AQS,42,22,55
05/17/2024,57,PM2.5,QUAPAW SHELTER,40-115-9004,AQS,48,19,57
05/17/2025,44,Ozone,QUAPAW SHELTER,40-115-9004,AQS,44,25,32
05/18/2021,55,PM2.5,,40-115-9007,AQS,22,9,55
05/18/2022,47,PM2.5,QUAPAW SHELTER,40-115-9004,AQS,26,.,47
05/18/2023,58,PM2.5,,40-115-9007,AQS,43,27,58
05/18/2024,60,PM2.5,QUAPAW SHELTER,40-115-9004,AQS,49,29,60
05/18/2025,39,Ozone,QUAPAW SHELTER,40-115-9004,AQS,39,17,30
05/19/2021,41,PM2.5,,40-115-9007,AQS,18,6,41
05/19/2022,25,Ozone,QUAPAW SHELTER,40-115-9004,AQS,25,.,.
05/19/2023,99,PM2.5,,40-115-9007,AQS,31,46,99
05/19/2024,58,Ozone,QUAPAW SHELTER,40-115-9004,AQS,58,22,57
05/19/2025,51,PM2.5,QUAPAW SHELTER,40-115-9004,AQS,37,18,51
05/20/2021,55,PM2.5,,40-115-9007,AQS,15,10,55
05/20/2022,25,Ozone,QUAPAW SHELTER,40-115-9004,AQS,25,.,.
05/20/2023,64,PM2.5,,40-115-9007,AQS,35,27,64
05/20/2024,54,Ozone,QUAPAW SHELTER,40-115-9004,AQS,54,22,53
05/20/2025,33,Ozone,QUAPAW SHELTER,40-115-9004,AQS,33,21,23
05/21/2021,53,PM2.5,,40-115-9007,AQS,17,11,53
05/21/2022,13,Ozone,QUAPAW SHELTER,40-115-9004,AQS,13,.,.
05/21/2023,68,PM2.5,,40-115-9007,AQS,42,26,68
05/21/2024,70,PM2.5,QUAPAW SHELTER,40-115-9004,AQS,38,33,70
05/21/2025,41,Ozone,QUAPAW SHELTER,40-115-9004,AQS,41,19,18
05/22/2021,64,PM2.5,,40-115-9007,AQS,19,16,64
05/22/2022,22,Ozone,QUAPAW SHELTER,40-115-9004,AQS,22,.,.
05/22/2023,86,PM2.5,,40-115-9007,AQS,51,39,86
05/22/2024,26,PM2.5,QUAPAW SHELTER,40-115-9004,AQS,18,13,26
05/22/2025,42,Ozone,QUAPAW SHELTER,40-115-9004,AQS,42,13,21
05/23/2021,75,PM2.5,,40-115-9007,AQS,20,19,75
05/23/2022,19,Ozone,QUAPAW SHELTER,40-115-9004,AQS,19,.,.
05/23/2023,88,PM2.5,,40-115-9007,AQS,74,44,88
05/23/2024,59,PM2.5,QUAPAW SHELTER,40-115-9004,AQS,25,27,59
05/23/2025,40,Ozone,QUAPAW SHELTER,40-115-9004,AQS,40,16,24
05/24/2021,76,PM2.5,,40-115-9007,AQS,19,23,76
05/24/2022,33,PM2.5,QUAPAW SHELTER,40-115-9004,AQS,3,.,33
05/24/2023,74,PM2.5,,40-115-9007,AQS,39,38,74
05/24/2024,67,PM2.5,QUAPAW SHELTER,40-115-9004,AQS,24,34,67
05/24/2025,38,Ozone,QUAPAW SHELTER,40-115-9004,AQS,38,11,33
05/25/2021,60,PM2.5,,40-115-9007,AQS,17,18,60
05/25/2022,17,PM2.5,QUAPAW SHELTER,40-115-9004,AQS,6,.,17
05/25/2023,75,PM2.5,,40-115-9007,AQS,74,39,75
05/25/2024,62,PM2.5,QUAPAW SHELTER,40-115-9004,AQS,27,30,62
05/25/2025,31,Ozone,QUAPAW SHELTER,40-115-9004,AQS,31,7,22
05/26/2021,54,PM2.5,,40-115-9007,AQS,24,11,54
05/26/2022,11,PM2.5,QUAPAW SHELTER,40-115-9004,AQS,5,.,11
05/26/2023,97,Ozone,QUAPAW SHELTER,40-115-9004,AQS,97,45,75
05/26/2024,73,PM2.5,QUAPAW SHELTER,40-115-9004,AQS,36,32,73
05/26/2025,26,PM2.5,,40-115-9007,AQS,23,9,26
05/27/2021,22,PM2.5,QUAPAW SHELTER,40-115-9004,AQS,19,10,22
05/27/2022,28,Ozone,QUAPAW SHELTER,40-115-9004,AQS,28,.,25
05/27/2023,74,Ozone,QUAPAW SHELTER,40-115-9004,AQS,74,27,56
05/27/2024,46,Ozone,QUAPAW SHELTER,40-115-9004,AQS,46,19,34
05/27/2025,31,PM2.5,QUAPAW SHELTER,40-115-9004,AQS,27,12,31
05/28/2021,16,Ozone,QUAPAW SHELTER,40-115-9004,AQS,16,9,14
05/28/2022,34,PM2.5,QUAPAW SHELTER,40-115-9004,AQS,26,.,34
05/28/2023,80,Ozone,QUAPAW SHELTER,40-115-9004,AQS,80,31,63
05/28/2024,46,Ozone,QUAPAW SHELTER,40-115-9004,AQS,46,18,37
05/28/2025,40,PM2.5,QUAPAW SHELTER,40-115-9004,AQS,38,15,40
05/29/2021,26,PM2.5,,40-115-9007,AQS,16,4,26
05/29/2022,33,PM2.5,QUAPAW SHELTER,40-115-9004,AQS,26,.,33
05/29/2023,76,PM2.5,,40-115-9007,AQS,67,37,76
05/29/2024,44,Ozone,QUAPAW SHELTER,40-115-9004,AQS,44,41,38
05/29/2025,28,Ozone,QUAPAW SHELTER,40-115-9004,AQS,28,10,25
05/30/2021,47,PM2.5,,40-115-9007,AQS,17,6,47
05/30/2022,28,PM2.5,QUAPAW SHELTER,40-115-9004,AQS,25,.,28
05/30/2023,90,PM2.5,,40-115-9007,AQS,50,53,90
05/30/2024,47,PM2.5,,40-115-9007,AQS,42,22,47
05/30/2025,46,Ozone,QUAPAW SHELTER,40-115-9004,AQS,46,12,26
05/31/2021,67,PM2.5,,40-115-9007,AQS,18,11,67
05/31/2022,43,Ozone,QUAPAW SHELTER,40-115-9004,AQS,43,.,28
05/31/2023,93,PM2.5,,40-115-9007,AQS,49,54,93
05/31/2024,42,PM2.5,QUAPAW SHELTER,40-115-9004,AQS,31,15,42
05/31/2025,49,Ozone,QUAPAW SHELTER,40-115-9004,AQS,49,14,31
06/13/2021,55,PM2.5,,40-115-9007,AQS,31,23,55
06/13/2022,71,PM2.5,QUAPAW SHELTER,40-115-9004,AQS,39,.,71
06/13/2023,74,Ozone,QUAPAW SHELTER,40-115-9004,AQS,74,28,60
06/13/2024,66,PM2.5,QUAPAW SHELTER,40-115-9004,AQS,61,38,66
06/13/2025,32,Ozone,QUAPAW SHELTER,40-115-9004,AQS,32,10,20
06/14/2021,58,PM2.5,,40-115-9007,AQS,36,21,58
06/14/2022,91,PM2.5,QUAPAW SHELTER,40-115-9004,AQS,26,.,91
06/14/2023,54,PM2.5,,40-115-9007,AQS,44,18,54
06/14/2024,64,Ozone,QUAPAW SHELTER,40-115-9004,AQS,64,33,58
06/14/2025,40,Ozone,QUAPAW SHELTER,40-115-9004,AQS,40,13,25
06/15/2021,66,PM2.5,,40-115-9007,AQS,37,35,66
06/15/2022,69,PM2.5,QUAPAW SHELTER,40-115-9004,AQS,29,.,69
06/15/2023,54,PM2.5,,40-115-9007,AQS,45,28,54
06/15/2024,66,PM2.5,QUAPAW SHELTER,40-115-9004,AQS,39,33,66
06/15/2025,41,Ozone,QUAPAW SHELTER,40-115-9004,AQS,41,8,17
06/16/2021,79,PM2.5,,40-115-9007,AQS,32,34,79
06/16/2022,73,PM2.5,QUAPAW SHELTER,40-115-9004,AQS,35,.,73
06/16/2023,52,PM2.5,,40-115-9007,AQS,43,28,52
06/16/2024,71,PM2.5,QUAPAW SHELTER,40-115-9004,AQS,45,37,71
06/16/2025,39,PM2.5,QUAPAW SHELTER,40-115-9004,AQS,36,19,39
06/17/2021,90,PM2.5,,40-115-9007,AQS,38,32,90
06/17/2022,89,PM2.5,QUAPAW SHELTER,40-115-9004,AQS,40,.,89
06/17/2023,54,PM2.5,,40-115-9007,AQS,35,22,54
06/17/2024,65,PM2.5,QUAPAW SHELTER,40-115-9004,AQS,34,36,65
06/17/2025,40,Ozone,QUAPAW SHELTER,40-115-9004,AQS,40,17,35
06/18/2021,119,PM2.5,,40-115-9007,AQS,34,42,119
06/18/2022,74,PM2.5,QUAPAW SHELTER,40-115-9004,AQS,36,.,74
06/18/2023,37,Ozone,QUAPAW SHELTER,40-115-9004,AQS,37,12,31
06/18/2024,51,PM2.5,QUAPAW SHELTER,40-115-9004,AQS,.,38,51
06/18/2025,44,Ozone,QUAPAW SHELTER,40-115-9004,AQS,44,12,25
06/19/2021,121,PM2.5,,40-115-9007,AQS,34,34,121
06/19/2022,52,PM2.5,QUAPAW SHELTER,40-115-9004,AQS,48,.,52
06/19/2023,56,PM2.5,,40-115-9007,AQS,40,30,56
06/19/2024,58,PM2.5,QUAPAW SHELTER,40-115-9004,AQS,.,34,58
06/19/2025,50,Ozone,QUAPAW SHELTER,40-115-9004,AQS,50,17,32
06/20/2021,86,PM2.5,,40-115-9007,AQS,33,31,86
06/20/2022,54,Ozone,QUAPAW SHELTER,40-115-9004,AQS,54,.,40
06/20/2023,71,PM2.5,,40-115-9007,AQS,.,39,71
06/20/2024,59,PM2.5,QUAPAW SHELTER,40-115-9004,AQS,.,37,59
06/20/2025,52,PM2.5,QUAPAW SHELTER,40-115-9004,AQS,32,27,52
06/21/2021,44,PM2.5,,40-115-9007,AQS,26,14,44
06/21/2022,59,PM2.5,QUAPAW SHELTER,40-115-9004,AQS,.,.,59
06/21/2023,78,PM2.5,,40-115-9007,AQS,43,49,78
06/21/2024,57,PM2.5,QUAPAW SHELTER,40-115-9004,AQS,.,29,57
06/21/2025,48,PM2.5,QUAPAW SHELTER,40-115-9004,AQS,28,24,48
06/22/2021,58,PM2.5,,40-115-9007,AQS,31,16,58
06/22/2022,55,PM2.5,QUAPAW SHELTER,40-115-9004,AQS,31,.,55
06/22/2023,59,PM2.5,,40-115-9007,AQS,31,33,59
06/22/2024,55,PM2.5,QUAPAW SHELTER,40-115-9004,AQS,.,29,55
06/22/2025,58,PM2.5,QUAPAW SHELTER,40-115-9004,AQS,25,37,58
06/23/2021,66,PM2.5,,40-115-9007,AQS,25,23,66
06/23/2022,52,PM2.5,QUAPAW SHELTER,40-115-9004,AQS,30,.,52
06/23/2023,63,PM2.5,,40-115-9007,AQS,28,37,63
06/23/2024,55,PM2.5,QUAPAW SHELTER,40-115-9004,AQS,.,34,55
06/23/2025,43,PM2.5,QUAPAW SHELTER,40-115-9004,AQS,26,23,43
06/24/2021,76,PM2.5,,40-115-9007,AQS,20,26,76
06/24/2022,60,PM2.5,QUAPAW SHELTER,40-115-9004,AQS,27,.,60
06/24/2023,65,PM2.5,,40-115-9007,AQS,27,30,65
06/24/2024,61,PM2.5,,40-115-9007,AQS,.,36,61
06/24/2025,46,PM2.5,QUAPAW SHELTER,40-115-9004,AQS,32,32,46
06/25/2021,73,PM2.5,,40-115-9007,AQS,19,32,73
06/25/2022,63,PM2.5,QUAPAW SHELTER,40-115-9004,AQS,31,.,63
06/25/2023,55,PM2.5,,40-115-9007,AQS,48,32,55
06/25/2024,54,PM2.5,QUAPAW SHELTER,40-115-9004,AQS,.,31,54
06/25/2025,47,PM2.5,QUAPAW SHELTER,40-115-9004,AQS,37,23,47
06/26/2021,45,PM2.5,,40-115-9007,AQS,29,9,45
06/26/2022,39,PM2.5,QUAPAW SHELTER,40-115-9004,AQS,27,.,39
06/26/2023,74,PM2.5,,40-115-9007,AQS,32,46,74
06/26/2024,19,PM2.5,QUAPAW SHELTER,40-115-9004,AQS,.,10,19
06/26/2025,36,Ozone,QUAPAW SHELTER,40-115-9004,AQS,36,25,30
06/27/2021,48,PM2.5,,40-115-9007,AQS,25,7,48
06/27/2022,52,PM2.5,QUAPAW SHELTER,40-115-9004,AQS,31,.,52
06/27/2023,76,PM2.5,,40-115-9007,AQS,32,54,76
06/27/2024,37,PM2.5,QUAPAW SHELTER,40-115-9004,AQS,.,23,37
06/27/2025,35,Ozone,QUAPAW SHELTER,40-115-9004,AQS,35,19,26
06/28/2021,51,PM2.5,,40-115-9007,AQS,14,13,51
06/28/2022,55,PM2.5,QUAPAW SHELTER,40-115-9004,AQS,33,.,55
06/28/2023,60,PM2.5,,40-115-9007,AQS,25,32,60
06/28/2024,52,PM2.5,QUAPAW SHELTER,40-115-9004,AQS,.,27,52
06/28/2025,31,Ozone,QUAPAW SHELTER,40-115-9004,AQS,31,12,27
06/29/2021,49,PM2.5,,40-115-9007,AQS,17,13,49
06/29/2022,55,PM2.5,QUAPAW SHELTER,40-115-9004,AQS,35,.,55
06/29/2023,52,PM2.5,,40-115-9007,AQS,43,24,52
06/29/2024,53,PM2.5,QUAPAW SHELTER,40-115-9004,AQS,.,19,53
06/29/2025,38,Ozone,QUAPAW SHELTER,40-115-9004,AQS,38,12,31
06/30/2021,57,PM2.5,,40-115-9007,AQS,33,14,57
06/30/2022,53,PM2.5,QUAPAW SHELTER,40-115-9004,AQS,34,.,53
06/30/2023,54,PM2.5,,40-115-9007,AQS,31,21,54
06/30/2024,33,PM2.5,QUAPAW SHELTER,40-115-9004,AQS,.,16,33
06/30/2025,43,Ozone,QUAPAW SHELTER,40-115-9004,AQS,43,10,19
07/13/2021,69,PM2.5,,40-115-9007,AQS,61,35,69
07/13/2022,74,Ozone,QUAPAW SHELTER,40-115-9004,AQS,74,.,68
07/13/2023,49,PM2.5,,40-115-9007,AQS,40,19,49
07/13/2024,63,PM2.5,QUAPAW SHELTER,40-115-9004,AQS,40,30,63
07/13/2025,33,Ozone,QUAPAW SHELTER,40-115-9004,AQS,33,9,23
07/14/2021,71,PM2.5,,40-115-9007,AQS,35,52,71
07/14/2022,77,PM2.5,,40-115-9007,AQS,71,.,77
07/14/2023,42,PM2.5,QUAPAW SHELTER,40-115-9004,AQS,36,28,42
07/14/2024,59,PM2.5,QUAPAW SHELTER,40-115-9004,AQS,37,34,59
07/14/2025,38,Ozone,QUAPAW SHELTER,40-115-9004,AQS,38,16,31
07/15/2021,61,PM2.5,,40-115-9007,AQS,41,37,61
07/15/2022,93,Ozone,QUAPAW SHELTER,40-115-9004,AQS,93,.,85
07/15/2023,74,PM2.5,QUAPAW SHELTER,40-115-9004,AQS,45,52,74
07/15/2024,80,PM2.5,QUAPAW SHELTER,40-115-9004,AQS,39,65,80
07/15/2025,43,PM2.5,QUAPAW SHELTER,40-115-9004,AQS,41,22,43
07/16/2021,48,Ozone,QUAPAW SHELTER,40-115-9004,AQS,48,15,44
07/16/2022,97,Ozone,QUAPAW SHELTER,40-115-9004,AQS,97,.,84
07/16/2023,105,PM2.5,QUAPAW SHELTER,40-115-9004,AQS,84,69,105
07/16/2024,288,Ozone,QUAPAW SHELTER,40-115-9004,AQS,288,57,71
07/16/2025,55,PM2.5,QUAPAW SHELTER,40-115-9004,AQS,31,35,55
07/17/2021,56,PM2.5,,40-115-9007,AQS,41,21,56
07/17/2022,93,Ozone,QUAPAW SHELTER,40-115-9004,AQS,93,.,74
07/17/2023,61,PM2.5,QUAPAW SHELTER,40-115-9004,AQS,44,52,61
07/17/2024,41,PM2.5,QUAPAW SHELTER,40-115-9004,AQS,41,15,41
07/17/2025,42,PM2.5,,40-115-9007,AQS,35,28,42
07/18/2021,64,PM2.5,,40-115-9007,AQS,43,25,64
07/18/2022,71,Ozone,QUAPAW SHELTER,40-115-9004,AQS,71,.,60
07/18/2023,79,PM10,QUAPAW SHELTER,40-115-9004,AQS,49,79,78
07/18/2024,67,PM2.5,QUAPAW SHELTER,40-115-9004,AQS,44,30,67
07/18/2025,58,PM2.5,,40-115-9007,AQS,35,40,58
07/19/2021,84,PM2.5,,40-115-9007,AQS,50,36,84
07/19/2022,119,Ozone,QUAPAW SHELTER,40-115-9004,AQS,119,.,64
07/19/2023,87,PM10,QUAPAW SHELTER,40-115-9004,AQS,47,87,79
07/19/2024,59,PM2.5,QUAPAW SHELTER,40-115-9004,AQS,44,24,59
07/19/2025,57,PM2.5,QUAPAW SHELTER,40-115-9004,AQS,39,34,57
07/20/2021,90,PM2.5,,40-115-9007,AQS,48,42,90
07/20/2022,129,Ozone,QUAPAW SHELTER,40-115-9004,AQS,129,48,61
07/20/2023,61,PM2.5,QUAPAW SHELTER,40-115-9004,AQS,45,49,61
07/20/2024,60,PM2.5,QUAPAW SHELTER,40-115-9004,AQS,45,27,60
07/20/2025,52,PM2.5,QUAPAW SHELTER,40-115-9004,AQS,32,22,52
07/21/2021,115,PM2.5,,40-115-9007,AQS,77,54,115
07/21/2022,97,Ozone,QUAPAW SHELTER,40-115-9004,AQS,97,38,62
07/21/2023,47,PM2.5,QUAPAW SHELTER,40-115-9004,AQS,40,17,47
07/21/2024,57,PM2.5,QUAPAW SHELTER,40-115-9004,AQS,31,19,57
07/21/2025,54,PM2.5,QUAPAW SHELTER,40-115-9004,AQS,25,30,54
07/22/2021,147,PM2.5,,40-115-9007,AQS,58,64,147
07/22/2022,100,Ozone,QUAPAW SHELTER,40-115-9004,AQS,100,32,57
07/22/2023,52,PM2.5,QUAPAW SHELTER,40-115-9004,AQS,44,19,52
07/22/2024,61,PM2.5,QUAPAW SHELTER,40-115-9004,AQS,48,24,61
07/22/2025,62,PM2.5,,40-115-9007,AQS,31,50,62
07/23/2021,94,PM2.5,,40-115-9007,AQS,54,49,94
07/23/2022,74,Ozone,QUAPAW SHELTER,40-115-9004,AQS,74,27,55
07/23/2023,55,PM2.5,QUAPAW SHELTER,40-115-9004,AQS,49,23,55
07/23/2024,63,PM2.5,QUAPAW SHELTER,40-115-9004,AQS,51,31,63
07/23/2025,52,PM2.5,,40-115-9007,AQS,36,35,52
07/24/2021,79,PM2.5,,40-115-9007,AQS,41,53,79
07/24/2022,58,Ozone,QUAPAW SHELTER,40-115-9004,AQS,58,30,57
07/24/2023,57,PM2.5,QUAPAW SHELTER,40-115-9004,AQS,40,26,57
07/24/2024,68,PM2.5,QUAPAW SHELTER,40-115-9004,AQS,64,45,68
07/24/2025,51,PM2.5,QUAPAW SHELTER,40-115-9004,AQS,36,34,51
07/25/2021,80,PM2.5,,40-115-9007,AQS,40,53,80
07/25/2022,61,Ozone,QUAPAW SHELTER,40-115-9004,AQS,61,30,57
07/25/2023,62,PM2.5,QUAPAW SHELTER,40-115-9004,AQS,44,34,62
07/25/2024,73,PM2.5,QUAPAW SHELTER,40-115-9004,AQS,58,38,73
07/25/2025,53,PM2.5,QUAPAW SHELTER,40-115-9004,AQS,41,37,53
07/26/2021,77,PM2.5,,40-115-9007,AQS,44,43,77
07/26/2022,61,Ozone,QUAPAW SHELTER,40-115-9004,AQS,61,37,55
07/26/2023,63,PM2.5,,40-115-9007,AQS,45,44,63
07/26/2024,65,PM2.5,QUAPAW SHELTER,40-115-9004,AQS,44,38,65
07/26/2025,52,PM2.5,QUAPAW SHELTER,40-115-9004,AQS,37,19,52
07/27/2021,94,PM2.5,,40-115-9007,AQS,54,58,94
07/27/2022,74,Ozone,QUAPAW SHELTER,40-115-9004,AQS,74,31,52
07/27/2023,71,PM2.5,,40-115-9007,AQS,51,49,71
07/27/2024,61,PM2.5,QUAPAW SHELTER,40-115-9004,AQS,44,28,61
07/27/2025,44,PM2.5,QUAPAW SHELTER,40-115-9004,AQS,40,19,44
07/28/2021,86,PM2.5,,40-115-9007,AQS,44,53,86
07/28/2022,64,Ozone,QUAPAW SHELTER,40-115-9004,AQS,64,19,44
07/28/2023,71,PM2.5,,40-115-9007,AQS,54,47,71
07/28/2024,59,PM2.5,QUAPAW SHELTER,40-115-9004,AQS,37,30,59
07/28/2025,54,PM2.5,,40-115-9007,AQS,37,41,54
07/29/2021,96,PM2.5,,40-115-9007,AQS,50,54,96
07/29/2022,48,PM2.5,,40-115-9007,AQS,44,22,48
07/29/2023,71,Ozone,QUAPAW SHELTER,40-115-9004,AQS,71,42,70
07/29/2024,53,PM2.5,QUAPAW SHELTER,40-115-9004,AQS,37,30,53
07/29/2025,56,PM2.5,,40-115-9007,AQS,46,52,56
07/30/2021,105,PM2.5,,40-115-9007,AQS,49,59,105
07/30/2022,40,Ozone,QUAPAW SHELTER,40-115-9004,AQS,40,12,31
07/30/2023,67,Ozone,QUAPAW SHELTER,40-115-9004,AQS,67,35,56
07/30/2024,57,PM2.5,QUAPAW SHELTER,40-115-9004,AQS,46,36,57
07/30/2025,55,PM2.5,,40-115-9007,AQS,46,51,55
07/31/2021,88,PM2.5,,40-115-9007,AQS,61,45,88
07/31/2022,53,PM2.5,,40-115-9007,AQS,39,21,53
07/31/2023,47,Ozone,QUAPAW SHELTER,40-115-9004,AQS,47,21,34
07/31/2024,71,PM2.5,QUAPAW SHELTER,40-115-9004,AQS,37,53,71
07/31/2025,35,Ozone,QUAPAW SHELTER,40-115-9004,AQS,35,14,23
08/13/2021,53,PM2.5,,40-115-9007,AQS,42,20,53
08/13/2022,63,PM2.5,,40-115-9007,AQS,58,29,63
08/13/2023,39,PM2.5,,40-115-9007,AQS,39,14,39
08/13/2024,51,Ozone,QUAPAW SHELTER,40-115-9004,AQS,51,16,49
08/13/2025,50,Ozone,QUAPAW SHELTER,40-115-9004,AQS,50,16,44
08/14/2021,58,PM2.5,,40-115-9007,AQS,42,23,58
08/14/2022,100,Ozone,QUAPAW SHELTER,40-115-9004,AQS,100,32,62
08/14/2023,31,Ozone,QUAPAW SHELTER,40-115-9004,AQS,31,9,16
08/14/2024,56,PM2.5,QUAPAW SHELTER,40-115-9004,AQS,41,26,56
08/14/2025,61,Ozone,QUAPAW SHELTER,40-115-9004,AQS,61,28,58
08/15/2021,63,PM2.5,,40-115-9007,AQS,44,28,63
08/15/2022,80,Ozone,QUAPAW SHELTER,40-115-9004,AQS,80,33,60
08/15/2023,8,PM2.5,,40-115-9007,AQS,.,5,8
08/15/2024,41,Ozone,QUAPAW SHELTER,40-115-9004,AQS,41,19,39
08/15/2025,58,PM2.5,QUAPAW SHELTER,40-115-9004,AQS,44,41,58
08/16/2021,75,PM2.5,,40-115-9007,AQS,49,39,75
08/16/2022,60,PM2.5,,40-115-9007,AQS,44,33,60
08/16/2023,40,Ozone,QUAPAW SHELTER,40-115-9004,AQS,40,17,30
08/16/2024,64,Ozone,QUAPAW SHELTER,40-115-9004,AQS,64,20,32
08/16/2025,55,PM2.5,QUAPAW SHELTER,40-115-9004,AQS,36,32,55
08/17/2021,76,PM2.5,,40-115-9007,AQS,45,39,76
08/17/2022,43,PM2.5,,40-115-9007,AQS,38,14,43
08/17/2023,52,PM2.5,,40-115-9007,AQS,45,29,52
08/17/2024,44,Ozone,QUAPAW SHELTER,40-115-9004,AQS,44,11,24
08/17/2025,52,PM2.5,QUAPAW SHELTER,40-115-9004,AQS,30,27,52
08/18/2021,71,PM2.5,,40-115-9007,AQS,43,34,71
08/18/2022,64,Ozone,QUAPAW SHELTER,40-115-9004,AQS,64,24,63
08/18/2023,57,PM2.5,,40-115-9007,AQS,32,57,57
08/18/2024,55,PM2.5,QUAPAW SHELTER,40-115-9004,AQS,43,26,55
08/18/2025,59,PM2.5,QUAPAW SHELTER,40-115-9004,AQS,35,48,59
08/19/2021,63,PM2.5,,40-115-9007,AQS,31,24,63
08/19/2022,63,PM2.5,,40-115-9007,AQS,58,30,63
08/19/2023,58,PM2.5,,40-115-9007,AQS,50,32,58
08/19/2024,65,PM2.5,QUAPAW SHELTER,40-115-9004,AQS,42,25,65
08/19/2025,56,PM2.5,,40-115-9007,AQS,45,51,56
08/20/2021,69,PM2.5,,40-115-9007,AQS,36,34,69
08/20/2022,100,Ozone,QUAPAW SHELTER,40-115-9004,AQS,100,23,56
08/20/2023,58,PM2.5,,40-115-9007,AQS,50,36,58
08/20/2024,87,PM2.5,QUAPAW SHELTER,40-115-9004,AQS,40,45,87
08/20/2025,42,PM2.5,QUAPAW SHELTER,40-115-9004,AQS,39,26,42
08/21/2021,52,PM2.5,,40-115-9007,AQS,40,18,52
08/21/2022,49,PM2.5,,40-115-9007,AQS,45,18,49
08/21/2023,58,PM2.5,QUAPAW SHELTER,40-115-9004,AQS,44,39,58
08/21/2024,70,PM2.5,QUAPAW SHELTER,40-115-9004,AQS,45,36,70
08/21/2025,51,PM2.5,,40-115-9007,AQS,42,33,51
08/22/2021,63,PM2.5,,40-115-9007,AQS,44,30,63
08/22/2022,46,PM2.5,,40-115-9007,AQS,46,16,46
08/22/2023,65,PM2.5,QUAPAW SHELTER,40-115-9004,AQS,41,46,65
08/22/2024,56,PM2.5,QUAPAW SHELTER,40-115-9004,AQS,44,37,56
08/22/2025,51,PM2.5,QUAPAW SHELTER,40-115-9004,AQS,44,35,51
08/23/2021,69,PM2.5,,40-115-9007,AQS,43,45,69
08/23/2022,51,PM2.5,,40-115-9007,AQS,49,17,51
08/23/2023,71,PM2.5,QUAPAW SHELTER,40-115-9004,AQS,39,40,71
08/23/2024,67,Ozone,QUAPAW SHELTER,40-115-9004,AQS,67,37,65
08/23/2025,47,PM2.5,QUAPAW SHELTER,40-115-9004,AQS,39,31,47
08/24/2021,70,PM2.5,,40-115-9007,AQS,44,49,70
08/24/2022,60,PM2.5,,40-115-9007,AQS,54,26,60
08/24/2023,74,Ozone,QUAPAW SHELTER,40-115-9004,AQS,74,48,69
08/24/2024,75,PM2.5,QUAPAW SHELTER,40-115-9004,AQS,50,38,75
08/24/2025,35,PM2.5,QUAPAW SHELTER,40-115-9004,AQS,31,31,35
08/25/2021,68,PM2.5,,40-115-9007,AQS,46,44,68
08/25/2022,74,Ozone,QUAPAW SHELTER,40-115-9004,AQS,74,29,63
08/25/2023,69,PM2.5,QUAPAW SHELTER,40-115-9004,AQS,50,52,69
08/25/2024,74,PM2.5,QUAPAW SHELTER,40-115-9004,AQS,48,34,74
08/25/2025,42,PM2.5,QUAPAW SHELTER,40-115-9004,AQS,27,26,42
08/26/2021,85,PM2.5,,40-115-9007,AQS,49,52,85
08/26/2022,63,PM2.5,,40-115-9007,AQS,61,34,63
08/26/2023,44,PM2.5,QUAPAW SHELTER,40-115-9004,AQS,43,27,44
08/26/2024,80,Ozone,QUAPAW SHELTER,40-115-9004,AQS,80,52,79
08/26/2025,41,Ozone,QUAPAW SHELTER,40-115-9004,AQS,41,27,34
08/27/2021,85,PM2.5,,40-115-9007,AQS,47,46,85
08/27/2022,56,PM2.5,,40-115-9007,AQS,41,22,56
08/27/2023,47,PM2.5,QUAPAW SHELTER,40-115-9004,AQS,41,17,47
08/27/2024,78,PM2.5,QUAPAW SHELTER,40-115-9004,AQS,.,48,78
08/27/2025,49,PM2.5,,40-115-9007,AQS,31,33,49
08/28/2021,71,PM2.5,,40-115-9007,AQS,38,46,71
08/28/2022,51,PM2.5,,40-115-9007,AQS,37,18,51
08/28/2023,53,PM2.5,,40-115-9007,AQS,41,21,53
08/28/2024,67,PM2.5,QUAPAW SHELTER,40-115-9004,AQS,.,47,67
08/28/2025,38,PM2.5,QUAPAW SHELTER,40-115-9004,AQS,23,11,38
08/29/2021,68,PM2.5,,40-115-9007,AQS,33,38,68
08/29/2022,44,PM2.5,,40-115-9007,AQS,31,19,44
08/29/2023,58,PM2.5,QUAPAW SHELTER,40-115-9004,AQS,50,31,58
08/29/2024,72,PM2.5,QUAPAW SHELTER,40-115-9004,AQS,.,45,72
08/29/2025,38,PM2.5,QUAPAW SHELTER,40-115-9004,AQS,36,12,38
08/30/2021,59,PM2.5,,40-115-9007,AQS,31,31,59
08/30/2022,61,Ozone,QUAPAW SHELTER,40-115-9004,AQS,61,22,42
08/30/2023,70,PM2.5,QUAPAW SHELTER,40-115-9004,AQS,44,44,70
08/30/2024,66,PM2.5,QUAPAW SHELTER,40-115-9004,AQS,.,33,66
08/30/2025,53,PM2.5,QUAPAW SHELTER,40-115-9004,AQS,44,19,53
08/31/2021,63,PM2.5,,40-115-9007,AQS,44,40,63
08/31/2022,87,Ozone,QUAPAW SHELTER,40-115-9004,AQS,87,26,49
08/31/2023,56,PM2.5,QUAPAW SHELTER,40-115-9004,AQS,42,44,56
08/31/2024,41,PM2.5,QUAPAW SHELTER,40-115-9004,AQS,.,17,41
08/31/2025,55,PM2.5,QUAPAW SHELTER,40-115-9004,AQS,25,20,55
09/13/2021,71,PM2.5,,40-115-9007,AQS,44,44,71
09/13/2022,84,Ozone,QUAPAW SHELTER,40-115-9004,AQS,84,34,56
09/13/2023,44,PM2.5,QUAPAW SHELTER,40-115-9004,AQS,39,16,44
09/13/2024,58,PM2.5,QUAPAW SHELTER,40-115-9004,AQS,42,34,58
09/13/2025,70,PM2.5,QUAPAW SHELTER,40-115-9004,AQS,48,46,70
09/14/2021,67,PM2.5,,40-115-9007,AQS,39,50,67
09/14/2022,60,PM2.5,,40-115-9007,AQS,54,38,60
09/14/2023,48,PM2.5,QUAPAW SHELTER,40-115-9004,AQS,44,27,48
09/14/2024,38,PM2.5,QUAPAW SHELTER,40-115-9004,AQS,33,27,38
09/14/2025,73,PM2.5,QUAPAW SHELTER,40-115-9004,AQS,44,44,73
09/15/2021,74,Ozone,QUAPAW SHELTER,40-115-9004,AQS,74,21,54
09/15/2022,69,PM2.5,,40-115-9007,AQS,67,46,69
09/15/2023,57,PM2.5,QUAPAW SHELTER,40-115-9004,AQS,51,33,57
09/15/2024,33,Ozone,QUAPAW SHELTER,40-115-9004,AQS,33,18,29
09/15/2025,78,PM2.5,QUAPAW SHELTER,40-115-9004,AQS,.,50,78
09/16/2021,67,PM2.5,,40-115-9007,AQS,46,32,67
09/16/2022,75,PM2.5,,40-115-9007,AQS,64,47,75
09/16/2023,55,PM2.5,QUAPAW SHELTER,40-115-9004,AQS,44,25,55
09/16/2024,31,Ozone,QUAPAW SHELTER,40-115-9004,AQS,31,17,22
09/16/2025,74,PM2.5,,40-115-9007,AQS,48,67,74
09/17/2021,79,PM2.5,,40-115-9007,AQS,54,39,79
09/17/2022,63,PM2.5,,40-115-9007,AQS,48,30,63
09/17/2023,79,PM2.5,QUAPAW SHELTER,40-115-9004,AQS,42,41,79
09/17/2024,48,PM2.5,QUAPAW SHELTER,40-115-9004,AQS,33,25,48
09/17/2025,68,PM2.5,QUAPAW SHELTER,40-115-9004,AQS,61,42,68
09/18/2021,79,PM2.5,,40-115-9007,AQS,49,37,79
09/18/2022,55,PM2.5,,40-115-9007,AQS,41,24,55
09/18/2023,76,PM2.5,QUAPAW SHELTER,40-115-9004,AQS,58,53,76
09/18/2024,53,PM2.5,QUAPAW SHELTER,40-115-9004,AQS,30,31,53
09/18/2025,61,PM2.5,QUAPAW SHELTER,40-115-9004,AQS,48,56,61
09/19/2021,52,PM2.5,,40-115-9007,AQS,36,18,52
09/19/2022,55,PM2.5,,40-115-9007,AQS,47,29,55
09/19/2023,59,PM2.5,QUAPAW SHELTER,40-115-9004,AQS,48,29,59
09/19/2024,57,PM2.5,QUAPAW SHELTER,40-115-9004,AQS,42,48,57
09/19/2025,65,PM2.5,,40-115-9007,AQS,50,39,65
09/20/2021,71,PM2.5,,40-115-9007,AQS,45,54,71
09/20/2022,53,PM2.5,,40-115-9007,AQS,49,33,53
09/20/2023,45,Ozone,QUAPAW SHELTER,40-115-9004,AQS,45,10,34
09/20/2024,63,PM2.5,QUAPAW SHELTER,40-115-9004,AQS,41,48,63
09/20/2025,38,PM2.5,QUAPAW SHELTER,40-115-9004,AQS,37,14,38
09/21/2021,51,PM2.5,,40-115-9007,AQS,41,23,51
09/21/2022,58,PM2.5,,40-115-9007,AQS,58,47,58
09/21/2023,54,PM2.5,QUAPAW SHELTER,40-115-9004,AQS,44,19,54
09/21/2024,58,PM2.5,QUAPAW SHELTER,40-115-9004,AQS,50,27,58
09/21/2025,51,PM2.5,QUAPAW SHELTER,40-115-9004,AQS,34,16,51
09/22/2021,44,PM2.5,,40-115-9007,AQS,41,30,44
09/22/2022,51,PM2.5,,40-115-9007,AQS,30,25,51
09/22/2023,33,Ozone,QUAPAW SHELTER,40-115-9004,AQS,33,10,32
09/22/2024,44,Ozone,QUAPAW SHELTER,40-115-9004,AQS,44,12,30
09/22/2025,54,PM2.5,QUAPAW SHELTER,40-115-9004,AQS,33,19,54
09/23/2021,57,PM2.5,,40-115-9007,AQS,50,31,57
09/23/2022,64,Ozone,QUAPAW SHELTER,40-115-9004,AQS,64,38,58
09/23/2023,48,PM2.5,QUAPAW SHELTER,40-115-9004,AQS,32,17,48
09/23/2024,28,PM2.5,QUAPAW SHELTER,40-115-9004,AQS,.,10,28
09/23/2025,34,PM2.5,QUAPAW SHELTER,40-115-9004,AQS,29,13,34
09/24/2021,64,Ozone,QUAPAW SHELTER,40-115-9004,AQS,64,42,62
09/24/2022,77,Ozone,QUAPAW SHELTER,40-115-9004,AQS,77,43,69
09/24/2023,34,Ozone,QUAPAW SHELTER,40-115-9004,AQS,34,9,29
09/24/2024,52,PM2.5,QUAPAW SHELTER,40-115-9004,AQS,.,18,52
09/24/2025,32,Ozone,QUAPAW SHELTER,40-115-9004,AQS,32,12,31
09/25/2021,55,PM2.5,,40-115-9007,AQS,47,31,55
09/25/2022,52,PM2.5,,40-115-9007,AQS,43,25,52
09/25/2023,39,Ozone,QUAPAW SHELTER,40-115-9004,AQS,39,13,36
09/25/2024,48,PM2.5,QUAPAW SHELTER,40-115-9004,AQS,.,19,48
09/25/2025,74,PM2.5,,40-115-9007,AQS,37,40,74
09/26/2021,112,Ozone,QUAPAW SHELTER,40-115-9004,AQS,112,42,65
09/26/2022,60,PM2.5,,40-115-9007,AQS,43,44,60
09/26/2023,36,PM2.5,QUAPAW SHELTER,40-115-9004,AQS,.,21,36
09/26/2024,51,PM2.5,QUAPAW SHELTER,40-115-9004,AQS,41,22,51
09/26/2025,53,PM2.5,,40-115-9007,AQS,42,26,53
09/27/2021,105,Ozone,QUAPAW SHELTER,40-115-9004,AQS,105,54,84
09/27/2022,55,PM2.5,,40-115-9007,AQS,30,43,55
09/27/2023,49,PM2.5,QUAPAW SHELTER,40-115-9004,AQS,49,27,49
09/27/2024,52,PM2.5,QUAPAW SHELTER,40-115-9004,AQS,46,31,52
09/27/2025,49,PM2.5,QUAPAW SHELTER,40-115-9004,AQS,46,22,49
09/28/2021,87,Ozone,QUAPAW SHELTER,40-115-9004,AQS,87,52,86
09/28/2022,46,PM2.5,,40-115-9007,AQS,31,31,46
09/28/2023,67,Ozone,QUAPAW SHELTER,40-115-9004,AQS,67,31,61
09/28/2024,44,Ozone,QUAPAW SHELTER,40-115-9004,AQS,44,27,43
09/28/2025,54,PM2.5,QUAPAW SHELTER,40-115-9004,AQS,48,28,54
09/29/2021,68,PM2.5,,40-115-9007,AQS,39,35,68
09/29/2022,28,Ozone,QUAPAW SHELTER,40-115-9004,AQS,28,20,24
09/29/2023,60,PM2.5,QUAPAW SHELTER,40-115-9004,AQS,46,27,60
09/29/2024,36,PM2.5,QUAPAW SHELTER,40-115-9004,AQS,36,23,36
09/29/2025,82,PM2.5,,40-115-9007,AQS,46,55,82
09/30/2021,64,PM2.5,,40-115-9007,AQS,35,31,64
09/30/2022,67,PM2.5,,40-115-9007,AQS,31,37,67
09/30/2023,54,PM2.5,QUAPAW SHELTER,40-115-9004,AQS,44,31,54
09/30/2024,47,PM2.5,QUAPAW SHELTER,40-115-9004,AQS,38,22,47
09/30/2025,70,PM2.5,,40-115-9007,AQS,48,42,70
10/13/2021,22,PM2.5,QUAPAW SHELTER,40-115-9004,AQS,.,.,22
10/13/2022,42,PM2.5,QUAPAW SHELTER,40-115-9004,AQS,37,36,42
10/13/2023,26,PM10,QUAPAW SHELTER,40-115-9004,AQS,22,26,24
10/13/2024,61,PM10,QUAPAW SHELTER,40-115-9004,AQS,.,61,56
10/14/2021,38,PM2.5,,40-115-9007,AQS,.,17,38
10/14/2022,53,PM2.5,,40-115-9007,AQS,45,45,53
10/14/2023,13,Ozone,QUAPAW SHELTER,40-115-9004,AQS,13,8,9
10/14/2024,37,PM10,,40-115-9007,AQS,.,37,31
10/15/2021,37,PM2.5,,40-115-9007,AQS,.,19,37
10/15/2022,49,PM2.5,,40-115-9007,AQS,49,34,49
10/15/2023,25,Ozone,QUAPAW SHELTER,40-115-9004,AQS,25,6,15
10/15/2024,44,PM10,QUAPAW SHELTER,40-115-9004,AQS,.,44,29
10/16/2021,31,PM2.5,,40-115-9007,AQS,.,16,31
10/16/2022,45,PM2.5,,40-115-9007,AQS,31,26,45
10/16/2023,32,Ozone,QUAPAW SHELTER,40-115-9004,AQS,32,19,26
10/16/2024,61,PM10,QUAPAW SHELTER,40-115-9004,AQS,.,61,53
10/17/2021,52,PM2.5,,40-115-9007,AQS,.,22,52
10/17/2022,36,PM2.5,,40-115-9007,AQS,34,35,36
10/17/2023,36,Ozone,QUAPAW SHELTER,40-115-9004,AQS,36,21,31
10/17/2024,52,PM2.5,,40-115-9007,AQS,.,51,52
10/18/2021,55,PM2.5,,40-115-9007,AQS,.,26,55
10/18/2022,37,PM10,,40-115-9007,AQS,34,37,36
10/18/2023,47,Ozone,QUAPAW SHELTER,40-115-9004,AQS,47,28,34
10/18/2024,49,PM2.5,QUAPAW SHELTER,40-115-9004,AQS,.,44,49
10/19/2021,60,PM2.5,,40-115-9007,AQS,.,32,60
10/19/2022,51,PM10,,40-115-9007,AQS,36,51,48
10/19/2023,43,PM2.5,QUAPAW SHELTER,40-115-9004,AQS,33,34,43
10/19/2024,67,PM10,QUAPAW SHELTER,40-115-9004,AQS,.,67,61
10/20/2021,76,PM2.5,,40-115-9007,AQS,.,44,76
10/20/2022,52,PM2.5,,40-115-9007,AQS,48,51,52
10/20/2023,44,PM10,,40-115-9007,AQS,34,44,40
10/20/2024,87,PM2.5,QUAPAW SHELTER,40-115-9004,AQS,.,87,87
10/21/2021,39,PM2.5,,40-115-9007,AQS,31,34,39
10/21/2022,71,Ozone,QUAPAW SHELTER,40-115-9004,AQS,71,44,54
10/21/2023,40,PM2.5,QUAPAW SHELTER,40-115-9004,AQS,39,32,40
10/21/2024,61,PM2.5,QUAPAW SHELTER,40-115-9004,AQS,.,53,61
10/22/2021,55,PM2.5,,40-115-9007,AQS,44,43,55
10/22/2022,47,PM2.5,,40-115-9007,AQS,46,44,47
10/22/2023,34,Ozone,QUAPAW SHELTER,40-115-9004,AQS,34,31,31
10/22/2024,51,PM2.5,QUAPAW SHELTER,40-115-9004,AQS,.,34,51
10/23/2021,62,PM2.5,,40-115-9007,AQS,38,27,62
10/23/2022,46,PM2.5,,40-115-9007,AQS,38,38,46
10/23/2023,56,PM2.5,,40-115-9007,AQS,33,46,56
10/23/2024,55,PM2.5,QUAPAW SHELTER,40-115-9004,AQS,46,44,55
10/24/2021,52,PM2.5,QUAPAW SHELTER,40-115-9004,AQS,32,20,52
10/24/2022,34,PM2.5,,40-115-9007,AQS,31,12,34
10/24/2023,35,PM2.5,QUAPAW SHELTER,40-115-9004,AQS,30,13,35
10/24/2024,57,PM2.5,QUAPAW SHELTER,40-115-9004,AQS,46,44,57
10/25/2021,36,PM2.5,,40-115-9007,AQS,30,22,36
10/25/2022,29,Ozone,QUAPAW SHELTER,40-115-9004,AQS,29,8,23
10/25/2023,56,PM2.5,,40-115-9007,AQS,32,18,56
10/25/2024,49,PM2.5,QUAPAW SHELTER,40-115-9004,AQS,40,31,49
10/26/2021,58,PM2.5,,40-115-9007,AQS,37,37,58
10/26/2022,38,Ozone,QUAPAW SHELTER,40-115-9004,AQS,38,17,37
10/26/2023,31,Ozone,QUAPAW SHELTER,40-115-9004,AQS,31,8,26
10/26/2024,40,Ozone,QUAPAW SHELTER,40-115-9004,AQS,40,16,27
10/27/2021,60,PM2.5,,40-115-9007,AQS,32,39,60
10/27/2022,39,PM2.5,,40-115-9007,AQS,28,15,39
10/27/2023,27,PM2.5,QUAPAW SHELTER,40-115-9004,AQS,19,9,27
10/27/2024,55,PM2.5,QUAPAW SHELTER,40-115-9004,AQS,42,23,55
10/28/2021,34,Ozone,QUAPAW SHELTER,40-115-9004,AQS,34,25,19
10/28/2022,74,Ozone,QUAPAW SHELTER,40-115-9004,AQS,74,21,56
10/28/2023,24,PM2.5,QUAPAW SHELTER,40-115-9004,AQS,11,6,24
10/28/2024,59,PM2.5,,40-115-9007,AQS,43,49,59
10/29/2021,44,PM2.5,,40-115-9007,AQS,28,31,44
10/29/2022,238,Ozone,QUAPAW SHELTER,40-115-9004,AQS,238,22,62
10/29/2023,25,PM2.5,QUAPAW SHELTER,40-115-9004,AQS,19,6,25
10/29/2024,55,PM2.5,,40-115-9007,AQS,.,44,55
10/30/2021,34,PM2.5,,40-115-9007,AQS,33,31,34
10/30/2022,53,PM2.5,,40-115-9007,AQS,31,12,53
10/30/2023,28,Ozone,QUAPAW SHELTER,40-115-9004,AQS,28,8,26
10/30/2024,48,PM2.5,,40-115-9007,AQS,.,31,48
10/31/2021,54,PM2.5,,40-115-9007,AQS,31,38,54
10/31/2022,67,PM2.5,,40-115-9007,AQS,42,31,67
10/31/2023,28,PM2.5,QUAPAW SHELTER,40-115-9004,AQS,28,11,28
10/31/2024,21,PM2.5,QUAPAW SHELTER,40-115-9004,AQS,.,6,21
11/13/2021,38,PM10,,40-115-9007,AQS,31,38,34
11/13/2022,54,PM2.5,,40-115-9007,AQS,28,15,54
11/13/2023,61,PM2.5,,40-115-9007,AQS,41,44,61
11/13/2024,27,PM2.5,QUAPAW SHELTER,40-115-9004,AQS,27,9,27
11/14/2021,40,PM10,,40-115-9007,AQS,32,40,39
11/14/2022,53,PM2.5,,40-115-9007,AQS,22,15,53
11/14/2023,62,PM2.5,QUAPAW SHELTER,40-115-9004,AQS,43,57,62
11/14/2024,32,PM10,QUAPAW SHELTER,40-115-9004,AQS,30,32,29
11/15/2021,55,PM2.5,,40-115-9007,AQS,41,51,55
11/15/2022,56,PM2.5,,40-115-9007,AQS,22,15,56
11/15/2023,70,PM2.5,QUAPAW SHELTER,40-115-9004,AQS,41,61,70
11/15/2024,41,PM2.5,QUAPAW SHELTER,40-115-9004,AQS,36,21,41
11/16/2021,67,PM2.5,,40-115-9007,AQS,42,51,67
11/16/2022,64,PM2.5,,40-115-9007,AQS,28,23,64
11/16/2023,52,PM2.5,,40-115-9007,AQS,30,20,52
11/16/2024,37,Ozone,QUAPAW SHELTER,40-115-9004,AQS,37,13,36
11/17/2021,38,Ozone,QUAPAW SHELTER,40-115-9004,AQS,38,.,32
11/17/2022,52,PM2.5,,40-115-9007,AQS,31,19,52
11/17/2023,44,PM2.5,QUAPAW SHELTER,40-115-9004,AQS,22,40,44
11/17/2024,52,PM2.5,QUAPAW SHELTER,40-115-9004,AQS,31,17,52
11/18/2021,35,Ozone,QUAPAW SHELTER,40-115-9004,AQS,35,.,24
11/18/2022,29,Ozone,QUAPAW SHELTER,40-115-9004,AQS,29,12,24
11/18/2023,64,PM10,QUAPAW SHELTER,40-115-9004,AQS,33,64,60
11/18/2024,36,Ozone,QUAPAW SHELTER,40-115-9004,AQS,36,7,22
11/19/2021,38,Ozone,QUAPAW SHELTER,40-115-9004,AQS,38,.,34
11/19/2022,39,PM2.5,,40-115-9007,AQS,30,19,39
11/19/2023,57,PM2.5,,40-115-9007,AQS,22,23,57
11/19/2024,13,PM2.5,QUAPAW SHELTER,40-115-9004,AQS,.,6,13
11/20/2021,43,PM2.5,QUAPAW SHELTER,40-115-9004,AQS,40,.,43
11/20/2022,52,PM2.5,QUAPAW SHELTER,40-115-9004,AQS,32,20,52
11/20/2023,32,PM2.5,QUAPAW SHELTER,40-115-9004,AQS,23,8,32
11/20/2024,7,PM2.5,QUAPAW SHELTER,40-115-9004,AQS,.,7,7
11/21/2021,52,PM2.5,QUAPAW SHELTER,40-115-9004,AQS,36,.,52
11/21/2022,54,PM2.5,,40-115-9007,AQS,34,24,54
11/21/2023,45,PM2.5,QUAPAW SHELTER,40-115-9004,AQS,20,15,45
11/21/2024,25,PM2.5,,40-115-9007,AQS,.,12,25
11/22/2021,49,PM2.5,QUAPAW SHELTER,40-115-9004,AQS,33,.,49
11/22/2022,58,PM2.5,,40-115-9007,AQS,31,22,58
11/22/2023,27,PM2.5,QUAPAW SHELTER,40-115-9004,AQS,26,12,27
11/22/2024,31,PM2.5,,40-115-9007,AQS,.,19,31
11/23/2021,44,Ozone,QUAPAW SHELTER,40-115-9004,AQS,44,.,43
11/23/2022,59,PM2.5,,40-115-9007,AQS,37,20,59
11/23/2023,33,Ozone,QUAPAW SHELTER,40-115-9004,AQS,33,12,32
11/23/2024,39,PM2.5,,40-115-9007,AQS,.,16,39
11/24/2021,47,PM2.5,QUAPAW SHELTER,40-115-9004,AQS,44,.,47
11/24/2022,48,PM2.5,,40-115-9007,AQS,26,11,48
11/24/2023,35,PM2.5,QUAPAW SHELTER,40-115-9004,AQS,22,12,35
11/24/2024,37,PM2.5,QUAPAW SHELTER,40-115-9004,AQS,.,16,37
11/25/2021,38,PM2.5,QUAPAW SHELTER,40-115-9004,AQS,25,.,38
11/25/2022,65,PM2.5,,40-115-9007,AQS,29,25,65
11/25/2023,54,PM2.5,QUAPAW SHELTER,40-115-9004,AQS,27,16,54
11/25/2024,46,PM2.5,QUAPAW SHELTER,40-115-9004,AQS,.,22,46
11/26/2021,31,Ozone,QUAPAW SHELTER,40-115-9004,AQS,31,.,29
11/26/2022,68,PM2.5,,40-115-9007,AQS,20,22,68
11/26/2023,43,PM2.5,QUAPAW SHELTER,40-115-9004,AQS,28,10,43
11/26/2024,38,PM2.5,QUAPAW SHELTER,40-115-9004,AQS,.,28,38
11/27/2021,32,PM2.5,QUAPAW SHELTER,40-115-9004,AQS,31,.,32
11/27/2022,60,PM2.5,QUAPAW SHELTER,40-115-9004,AQS,19,13,60
11/27/2023,61,PM2.5,,40-115-9007,AQS,32,23,61
11/27/2024,48,PM2.5,QUAPAW SHELTER,40-115-9004,AQS,21,20,48
11/28/2021,28,Ozone,QUAPAW SHELTER,40-115-9004,AQS,28,.,25
11/28/2022,57,PM2.5,,40-115-9007,AQS,33,17,57
11/28/2023,53,PM2.5,,40-115-9007,AQS,31,33,53
11/28/2024,48,PM2.5,QUAPAW SHELTER,40-115-9004,AQS,21,18,48
11/29/2021,36,PM2.5,QUAPAW SHELTER,40-115-9004,AQS,34,.,36
11/29/2022,38,PM2.5,,40-115-9007,AQS,33,15,38
11/29/2023,34,PM2.5,QUAPAW SHELTER,40-115-9004,AQS,32,19,34
11/29/2024,48,PM2.5,QUAPAW SHELTER,40-115-9004,AQS,28,17,48
11/30/2021,52,PM2.5,QUAPAW SHELTER,40-115-9004,AQS,33,.,52
11/30/2022,24,PM2.5,QUAPAW SHELTER,40-115-9004,AQS,24,13,24
11/30/2023,53,PM2.5,,40-115-9007,AQS,32,14,53
11/30/2024,42,PM2.5,,40-115-9007,AQS,32,14,42
12/13/2021,60,PM2.5,,40-115-9007,AQS,.,22,60
12/13/2022,25,PM2.5,,40-115-9007,AQS,.,8,25
12/13/2023,69,PM2.5,QUAPAW SHELTER,40-115-9004,AQS,.,45,69
12/13/2024,34,PM2.5,,40-115-9007,AQS,.,20,34
12/14/2021,60,PM2.5,,40-115-9007,AQS,.,24,60
12/14/2022,65,PM2.5,,40-115-9007,AQS,.,28,65
12/14/2023,52,PM2.5,QUAPAW SHELTER,40-115-9004,AQS,.,27,52
12/14/2024,31,PM2.5,QUAPAW SHELTER,40-115-9004,AQS,.,9,31
12/15/2021,53,PM2.5,QUAPAW SHELTER,40-115-9004,AQS,.,17,53
12/15/2022,55,PM2.5,,40-115-9007,AQS,.,26,55
12/15/2023,49,PM2.5,,40-115-9007,AQS,.,22,49
12/15/2024,43,PM2.5,QUAPAW SHELTER,40-115-9004,AQS,.,12,43
12/16/2021,55,PM2.5,QUAPAW SHELTER,40-115-9004,AQS,.,13,55
12/16/2022,32,PM2.5,,40-115-9007,AQS,.,23,32
12/16/2023,46,PM2.5,QUAPAW SHELTER,40-115-9004,AQS,.,10,46
12/16/2024,20,PM2.5,QUAPAW SHELTER,40-115-9004,AQS,.,10,20
12/17/2021,60,PM2.5,,40-115-9007,AQS,.,22,60
12/17/2022,26,PM2.5,QUAPAW SHELTER,40-115-9004,AQS,.,14,26
12/17/2023,41,PM2.5,QUAPAW SHELTER,40-115-9004,AQS,.,11,41
12/17/2024,46,PM2.5,,40-115-9007,AQS,.,17,46
12/18/2021,60,PM2.5,,40-115-9007,AQS,.,21,60
12/18/2022,47,PM2.5,QUAPAW SHELTER,40-115-9004,AQS,.,16,47
12/18/2023,23,PM2.5,QUAPAW SHELTER,40-115-9004,AQS,.,8,23
12/18/2024,34,PM2.5,QUAPAW SHELTER,40-115-9004,AQS,.,12,34
12/19/2021,61,PM2.5,,40-115-9007,AQS,.,22,61
12/19/2022,33,PM2.5,,40-115-9007,AQS,.,12,33
12/19/2023,33,PM2.5,QUAPAW SHELTER,40-115-9004,AQS,.,16,33
12/19/2024,54,PM2.5,QUAPAW SHELTER,40-115-9004,AQS,.,19,54
12/20/2021,59,PM2.5,,40-115-9007,AQS,.,20,59
12/20/2022,69,PM2.5,,40-115-9007,AQS,.,26,69
12/20/2023,42,PM2.5,QUAPAW SHELTER,40-115-9004,AQS,.,15,42
12/20/2024,47,PM2.5,QUAPAW SHELTER,40-115-9004,AQS,.,19,47
12/21/2021,58,PM2.5,QUAPAW SHELTER,40-115-9004,AQS,.,19,58
12/21/2022,71,PM2.5,,40-115-9007,AQS,.,30,71
12/21/2023,53,PM2.5,QUAPAW SHELTER,40-115-9004,AQS,.,22,53
12/21/2024,56,PM2.5,QUAPAW SHELTER,40-115-9004,AQS,.,22,56
12/22/2021,61,PM2.5,,40-115-9007,AQS,.,22,61
12/22/2022,49,PM2.5,QUAPAW SHELTER,40-115-9004,AQS,.,.,49
12/22/2023,57,PM2.5,QUAPAW SHELTER,40-115-9004,AQS,.,15,57
12/22/2024,52,PM2.5,QUAPAW SHELTER,40-115-9004,AQS,.,14,52
12/23/2021,61,PM2.5,,40-115-9007,AQS,.,23,61
12/23/2022,21,PM2.5,QUAPAW SHELTER,40-115-9004,AQS,.,.,21
12/23/2023,56,PM2.5,QUAPAW SHELTER,40-115-9004,AQS,.,16,56
12/23/2024,52,PM2.5,QUAPAW SHELTER,40-115-9004,AQS,.,25,52
12/24/2021,53,PM2.5,,40-115-9007,AQS,.,17,53
12/24/2022,24,PM2.5,QUAPAW SHELTER,40-115-9004,AQS,.,.,24
12/24/2023,20,PM2.5,QUAPAW SHELTER,40-115-9004,AQS,.,6,20
12/24/2024,66,PM2.5,QUAPAW SHELTER,40-115-9004,AQS,.,25,66
12/25/2021,61,PM2.5,,40-115-9007,AQS,.,25,61
12/25/2022,43,PM2.5,QUAPAW SHELTER,40-115-9004,AQS,.,.,43
12/25/2023,7,PM2.5,QUAPAW SHELTER,40-115-9004,AQS,.,2,7
12/25/2024,83,PM2.5,QUAPAW SHELTER,40-115-9004,AQS,.,37,83
12/26/2021,57,PM2.5,,40-115-9007,AQS,.,20,57
12/26/2022,40,PM2.5,QUAPAW SHELTER,40-115-9004,AQS,.,.,40
12/26/2023,10,PM2.5,QUAPAW SHELTER,40-115-9004,AQS,.,6,10
12/26/2024,48,PM2.5,QUAPAW SHELTER,40-115-9004,AQS,.,13,48
12/27/2021,59,PM2.5,,40-115-9007,AQS,.,22,59
12/27/2022,52,PM2.5,QUAPAW SHELTER,40-115-9004,AQS,.,.,52
12/27/2023,26,PM2.5,,40-115-9007,AQS,.,6,26
12/27/2024,39,PM2.5,QUAPAW SHELTER,40-115-9004,AQS,.,9,39
12/28/2021,57,PM2.5,,40-115-9007,AQS,.,21,57
12/28/2022,54,PM2.5,,40-115-9007,AQS,.,28,54
12/28/2023,49,PM2.5,,40-115-9007,AQS,.,11,49
12/28/2024,54,PM2.5,QUAPAW SHELTER,40-115-9004,AQS,.,14,54
12/29/2021,56,PM2.5,,40-115-9007,AQS,.,19,56
12/29/2022,46,PM2.5,,40-115-9007,AQS,.,29,46
12/29/2023,37,PM2.5,QUAPAW SHELTER,40-115-9004,AQS,.,10,37
12/29/2024,36,PM2.5,QUAPAW SHELTER,40-115-9004,AQS,.,8,36
12/30/2021,60,PM2.5,,40-115-9007,AQS,.,22,60
12/30/2022,41,PM2.5,,40-115-9007,AQS,.,12,41
12/30/2023,34,PM2.5,QUAPAW SHELTER,40-115-9004,AQS,.,14,34
12/30/2024,46,PM2.5,QUAPAW SHELTER,40-115-9004,AQS,.,15,46
12/31/2021,54,PM2.5,,40-115-9007,AQS,.,18,54
12/31/2022,58,PM2.5,,40-115-9007,AQS,.,21,58
12/31/2023,44,PM2.5,QUAPAW SHELTER,40-115-9004,AQS,.,10,44
12/31/2024,22,PM2.5,,40-115-9007,AQS,.,6,22